,amoxicillin,ampicillin,aztreonam,cefepime,cefotaxime,cefoxitin,ceftazidime,cefuroxime,ciprofloxacin,gentamicin,piperacillin,tobramycin,trimethoprim,sulfamethoxazole
1,1,,,,,,0,0,0,0,0,,,
2,1,,,,,,0,0,0,0,0,,,
3,1,,,,,,0,0,0,0,0,,,
4,1,,,,,,0,0,0,0,0,,,
5,1,,,,,,0,0,0,0,0,,,
6,1,,,,,,0,0,0,0,,,,
7,1,,,,,,0,0,0,0,0,,,
8,1,,,,,,0,0,1,0,0,,,
9,1,,,,,,0,1,1,0,,,,
10,1,,,,,,0,0,0,0,0,,,
11,1,,,,,,0,0,0,0,0,,,
12,1,,,,,,0,0,0,0,0,,,
13,1,,,,,,0,0,0,0,0,,,
14,1,,,,,,0,1,1,0,,,,
15,1,,,,,,0,0,0,0,0,,,
16,1,,,,,,0,0,0,0,0,,,
17,1,,,,,,0,0,0,0,0,,,
18,1,,,,,,0,0,1,1,0,,,
19,1,,,,,,0,0,0,0,0,,,
20,1,,,,,,0,0,1,1,0,,,
21,1,,,,,,0,1,0,0,0,,,
22,1,,,,,,0,1,0,0,0,,,
23,1,,,,,,0,0,0,0,0,,,
24,1,,,,,,0,0,0,0,0,,,
25,1,,,,,,0,1,0,0,0,,,
26,1,,,,,,0,0,0,0,0,,,
27,1,,,,,,0,1,0,0,0,,,
28,1,,,,,,0,0,0,0,0,,,
29,1,,,,,,0,0,0,1,0,,,
30,1,,,,,,0,0,0,0,0,,,
31,1,,,,,,0,0,0,0,0,,,
32,1,,,,,,0,0,0,0,0,,,
33,1,,,,,,0,0,0,0,0,,,
34,1,,,,,,0,0,0,0,0,,,
35,1,,,,,,0,0,0,0,0,,,
36,1,,,,,,0,0,0,0,0,,,
37,1,,,,,,0,0,0,0,0,,,
38,1,,,,,,0,0,0,0,0,,,
39,1,,,,,,0,0,0,0,0,,,
40,1,,,,,,0,0,0,0,0,,,
41,1,,,,0,,,1,0,0,,,,
42,1,,,,0,,0,0,0,0,1,,,
43,1,,,,0,,0,1,0,0,,,,
44,1,,,,0,,0,0,1,1,0,,,
45,1,,,,0,,0,0,0,0,0,,,
46,1,,,,0,,0,0,1,0,0,,,
47,1,,,,0,,0,0,0,0,0,,,
48,1,,,,0,,0,0,1,0,0,,,
49,1,,,,0,,0,0,0,0,0,,,
50,1,,,,0,,0,0,0,0,0,,,
51,1,,,,0,,0,0,0,0,0,,,
52,1,,,,0,,0,0,0,0,0,,,
53,1,,,,0,,0,1,1,0,,,,
54,1,,,,0,,0,0,0,0,0,,,
55,1,,,,0,,0,1,0,0,1,,,
56,1,,,,0,,0,0,1,0,1,,,
57,1,,,,0,,0,0,0,0,0,,,
58,1,,,,0,,0,0,0,0,0,,,
59,1,,,,0,,0,0,0,0,0,,,
60,1,,,,0,,0,0,0,0,0,,,
61,1,,,,0,,0,0,0,0,0,,,
62,1,,,,0,,0,0,0,0,0,,,
63,1,,,,0,,0,0,0,0,0,,,
64,1,,,,0,,0,0,0,0,0,,,
65,1,,,,0,,0,0,0,0,0,,,
66,1,,,,0,,0,0,0,0,0,,,
67,1,,,,0,,0,0,0,,0,,,
68,1,,,,0,,0,0,0,0,0,,,
69,1,,,,0,,0,0,0,0,0,,,
70,1,,,,0,,0,0,0,0,0,,,
71,1,,,,0,,0,0,0,0,0,,,
72,1,,,,0,,0,0,0,0,0,,,
73,1,,,,0,,0,0,0,0,0,,,
74,1,,,,0,,0,0,0,0,0,,,
75,1,,,,0,,0,0,0,0,0,,,
76,1,,,,0,,0,0,0,0,,,,
77,1,,,,0,,0,0,0,0,0,,,
78,1,,,,0,,0,0,0,0,0,,,
79,1,,,,0,,0,0,0,0,0,,,
80,1,,,,0,,0,0,0,0,0,,,
81,1,,,,0,,0,0,0,1,0,,,
82,1,,,,0,,0,0,0,0,0,,,
83,1,,,,0,,0,0,0,0,0,,,
84,1,,,,0,,0,0,0,0,0,,,
85,1,,,,1,,1,1,0,,0,,,
86,1,,,,0,,0,0,0,0,0,,,
87,1,,,,0,,0,0,0,0,0,,,
88,1,,,,0,,0,0,0,0,0,,,
89,1,,,,0,,0,0,0,0,0,,,
90,1,,,,0,,0,0,1,1,0,,,
91,1,,,,0,,0,0,0,0,0,,,
92,1,,,,0,,0,0,0,0,0,,,
93,1,,,,0,,0,0,0,0,0,,,
94,1,,,,0,,0,0,0,0,0,,,
95,1,,,,0,,0,0,0,0,0,,,
96,1,,,,0,,0,0,0,0,0,,,
97,1,,,,0,,0,0,0,0,0,,,
98,1,,,,0,,0,0,0,0,0,,,
99,1,,,,0,,0,0,0,0,0,,,
100,1,,,,0,,0,1,0,,1,,,
101,1,,,,0,,0,0,0,0,0,,,
102,1,,,,0,,0,0,0,0,0,,,
103,1,,,,0,,0,0,0,0,0,,,
104,1,,,,0,,0,0,0,0,0,,,
105,1,,,,0,,0,0,0,0,1,,,
106,1,,,,0,,0,0,0,0,0,,,
107,1,,,,0,,0,1,0,0,1,,,
108,1,,,,0,,0,0,,1,0,,,
109,1,,,,0,,0,0,0,0,0,,,
110,1,,,,0,,0,0,0,0,0,,,
111,1,,,,0,,0,1,1,0,0,,,
112,1,,,,0,,0,0,1,0,0,,,
113,1,,,,0,,0,0,0,0,0,,,
114,1,,,,0,,0,0,0,0,1,,,
115,1,,,,0,,0,0,0,0,1,,,
116,1,,,,0,,0,0,0,0,0,,,
117,1,,,,0,,0,0,0,0,0,,,
118,1,,,,0,,0,0,0,0,0,,,
119,1,,,,0,,0,0,0,0,0,,,
120,1,,,,0,,0,0,0,0,0,,,
121,1,,,,1,,1,1,0,0,0,,,
122,1,,,,1,,1,1,1,1,1,,,
123,1,,,,0,,0,0,0,0,0,,,
124,1,,,,0,,0,0,0,0,0,,,
125,1,,,,0,,0,0,1,0,0,,,
126,1,,,,0,,0,0,0,0,1,,,
127,1,,,,0,,0,0,0,0,0,,,
128,1,,,,0,,0,0,0,0,0,,,
129,1,,,,0,,0,0,0,0,0,,,
130,1,,,,0,,0,0,0,0,0,,,
131,1,,,,0,,0,0,0,0,0,,,
132,1,,,,0,,0,0,0,0,0,,,
133,1,,,,0,,0,0,0,0,0,,,
134,1,,,,0,,0,0,1,0,0,,,
135,1,,,,0,,0,0,0,0,0,,,
136,1,,,,0,,0,0,0,0,0,,,
137,1,,,,0,,0,0,0,0,0,,,
138,1,,,,1,,1,1,1,0,0,,,
139,1,,,,0,,0,0,1,0,0,,,
140,1,,,,0,,0,0,1,0,1,,,
141,1,,,,0,,0,0,0,0,0,,,
142,1,,,,0,,0,0,0,0,0,,,
143,1,,,,0,,0,0,0,0,0,,,
144,1,,,,0,,0,0,0,0,0,,,
145,1,,,,0,,0,0,0,0,0,,,
146,1,,,,0,,0,0,0,0,0,,,
147,1,,,,0,,0,0,0,0,0,,,
148,1,,,,0,,0,0,0,0,,,,
149,1,,,,0,,0,0,1,1,1,,,
150,1,,,,0,,0,0,0,0,0,,,
151,1,,,,0,,0,0,1,0,1,,,
152,1,,,,0,,0,0,0,0,,,,
153,1,,,,0,,0,0,0,0,0,,,
154,1,,,,0,,0,0,0,0,0,,,
155,1,,,,0,,0,0,0,0,0,,,
156,1,,,,0,,0,0,1,1,0,,,
157,1,,,,0,,0,0,0,0,0,,,
158,1,,,,0,,0,1,0,0,1,,,
159,1,,,,0,,0,0,0,0,0,,,
160,1,,,,0,,0,0,0,0,0,,,
161,1,,,,0,,0,0,0,0,,,,
162,1,,,,0,,0,0,0,0,1,,,
163,1,,,,0,,0,0,0,0,,,,
164,1,,,,0,,0,0,0,0,0,,,
165,1,,,,1,,1,1,0,0,0,,,
166,1,,,,0,,0,0,0,0,0,,,
167,1,,,,0,,0,0,0,0,0,,,
168,1,,,,0,,0,0,1,0,0,,,
169,1,,,,0,,0,0,0,0,0,,,
170,1,,,,0,,0,0,0,0,,,,
171,1,,,,0,,0,0,,0,1,,,
172,1,,,,,,0,0,1,1,0,,,
173,1,,,,0,,0,0,0,0,0,,,
174,1,,,,0,,0,0,0,0,0,,,
175,1,,,,1,,1,1,1,0,1,,,
176,1,,,,0,,0,1,0,0,,,,
177,1,,,,0,,0,0,0,0,0,,,
178,1,,,,0,,0,0,0,0,0,,,
179,1,,,,0,,0,0,0,0,0,,,
180,1,,,,0,,0,0,0,0,0,,,
181,1,,,,1,,1,0,0,0,0,,,
182,1,,,,0,,0,0,0,0,0,,,
183,1,,,,0,,0,0,0,0,0,,,
184,1,,,,0,,0,1,0,0,0,,,
185,1,,,,0,,0,0,0,,0,,,
186,1,,,,0,,0,0,1,0,0,,,
187,1,,,,0,,0,0,0,0,0,,,
188,1,,,,0,,0,0,0,0,1,,,
189,1,,,,0,,0,0,0,0,0,,,
190,1,,,,0,,0,0,0,0,0,,,
191,1,,,,0,,0,0,0,0,0,,,
192,1,,,,0,,0,0,1,0,0,,,
193,1,,,,1,,1,1,0,1,0,,,
194,1,,,,0,,0,0,0,0,0,,,
195,1,,,,0,,0,0,0,0,0,,,
196,1,,,,0,,0,0,0,0,0,,,
197,1,,,,1,,1,1,1,0,0,,,
198,1,,,,0,,0,0,0,0,0,,,
199,1,,,,0,,0,0,0,0,0,,,
200,1,,,,0,,0,0,0,0,0,,,
201,1,,,,0,,0,0,0,0,0,,,
202,1,,,,1,,0,1,1,0,,,,
203,1,,,,0,,0,1,0,0,0,,,
204,1,,,,1,,0,1,1,0,0,,,
205,1,,,,1,,0,1,1,0,,,,
206,1,,,,0,,0,1,0,0,0,,,
207,1,,,,0,,0,0,0,0,0,,,
208,1,,,,0,,0,0,1,0,0,,,
209,1,,,,0,,0,1,1,0,1,,,
210,1,,,,0,,0,0,0,0,0,,,
211,1,,,,0,,0,0,0,0,0,,,
212,1,,,,0,,0,1,1,0,0,,,
213,1,,,,0,,0,0,0,0,0,,,
214,1,,,,1,,1,1,1,1,0,,,
215,1,,,,0,,,0,0,0,1,,,
216,1,,,,0,,0,0,0,0,1,,,
217,1,,,,0,,0,0,0,0,0,,,
218,1,,,,0,,0,0,0,0,0,,,
219,1,,,,0,,0,0,0,0,0,,,
220,1,,,,0,,0,0,0,0,0,,,
221,1,,,,1,,1,1,1,1,0,,,
222,1,,,,0,,0,0,0,0,0,,,
223,1,,,,1,,1,1,1,0,1,,,
224,1,,,,0,,0,0,1,1,0,,,
225,1,,,,0,,0,0,1,0,0,,,
226,1,,,,0,,0,0,0,0,0,,,
227,1,,,,0,,0,1,0,0,0,,,
228,1,,,,0,,0,0,1,1,0,,,
229,1,,,,0,,0,0,0,1,0,,,
230,1,,,,0,,0,0,0,0,0,,,
231,1,,,,0,,0,0,0,0,0,,,
232,1,,,,0,,0,0,0,1,0,,,
233,1,,,,0,,0,0,0,0,0,,,
234,1,,,,0,,0,0,0,0,0,,,
235,1,,,,0,,0,0,0,0,0,,,
236,1,,,,0,,0,0,1,0,0,,,
237,1,,,,0,,0,0,0,0,0,,,
238,1,,,,0,,0,0,1,0,0,,,
239,1,,,,0,,0,0,0,0,0,,,
240,1,,,,0,,0,0,1,0,0,,,
241,1,,,,0,,0,0,0,0,0,,,
242,1,,,,0,,0,0,0,0,0,,,
243,1,,,,0,,,1,1,0,,,,
244,1,,,,1,,,1,1,0,0,,,
245,1,,,,0,,0,0,0,0,0,,,
246,1,,,,0,,0,0,0,0,0,,,
247,1,,,,0,,0,0,0,0,0,,,
248,1,,,,0,,0,0,0,0,0,,,
249,1,,,,0,,0,0,1,0,0,,,
250,1,,,,1,,1,1,1,1,0,,,
251,1,,,,0,,0,0,0,0,0,,,
252,1,,,,1,,1,1,1,1,0,,,
253,1,,,,0,,0,1,1,0,0,,,
254,1,,,,0,,0,1,1,0,0,,,
255,1,,,,0,,0,0,0,0,0,,,
256,1,,,,0,,0,0,0,0,0,,,
257,1,,,,0,,0,0,0,0,0,,,
258,1,,,,1,,,1,0,0,0,,,
259,1,,,,1,,,1,0,0,0,,,
260,1,,,,1,,,1,0,0,0,,,
261,1,,,,0,,0,0,0,0,0,,,
262,1,,,,0,,0,0,0,0,0,,,
263,1,,,,0,,0,0,0,0,0,,,
264,1,,,,0,,0,0,0,0,0,,,
265,1,,,,0,,0,1,1,1,0,,,
266,1,,,,1,,1,1,1,0,1,,,
267,1,,,,0,,0,0,1,,0,,,
268,1,,,,0,,0,0,0,0,0,,,
269,1,,,,1,,1,1,1,1,0,,,
270,1,,,,0,,0,0,0,0,0,,,
271,1,,,,0,,0,0,0,0,0,,,
272,1,,,,1,,1,1,1,1,0,,,
273,1,,,,0,,0,0,0,0,0,,,
274,1,,,,0,,0,0,0,0,0,,,
275,1,,,,1,,1,1,1,1,0,,,
276,1,,,,0,,0,0,0,0,0,,,
277,1,,,,0,,0,0,1,0,0,,,
278,1,,,,0,,0,0,0,0,1,,,
279,1,,,,0,,0,0,0,0,0,,,
280,1,,,,0,,0,0,0,0,0,,,
281,1,,,,0,,0,0,0,0,0,,,
282,1,,,,1,,1,1,1,0,0,,,
283,1,,,,0,,0,0,0,0,0,,,
284,1,,,,0,,0,0,0,0,0,,,
285,1,,,,0,,0,0,0,0,0,,,
286,1,,,,0,,0,0,0,0,0,,,
287,1,,,,0,,0,0,0,0,0,,,
288,1,,,,1,,1,1,1,0,0,,,
289,1,,,,0,,0,0,0,0,0,,,
290,1,,,,0,,0,0,0,0,0,,,
291,1,,,,0,,0,0,0,1,1,,,
292,1,,,,0,,0,0,0,0,1,,,
293,1,,,,0,,0,0,1,0,0,,,
294,1,,,,0,,0,0,0,1,0,,,
295,1,,,,0,,0,0,0,0,0,,,
296,1,,,,0,,0,0,1,0,0,,,
297,1,,,,0,,0,0,0,0,0,,,
298,1,,,,0,,0,0,0,0,0,,,
299,1,,,,0,,0,1,1,,0,,,
300,1,,,,0,,0,0,0,0,0,,,
301,1,,,,1,,1,1,1,1,0,,,
302,1,,,,0,,0,0,1,0,0,,,
303,1,,,,0,,0,0,0,0,0,,,
304,1,,,,0,,0,0,0,0,0,,,
305,1,,,,1,,,1,1,0,0,,,
306,1,,,,0,,0,0,1,1,0,,,
307,1,,,,1,,1,1,1,1,,,,
308,1,,,,0,,0,0,1,1,0,,,
309,1,,,,0,,0,0,0,0,0,,,
310,1,,,,0,,0,1,1,0,0,,,
311,1,,,,1,,0,1,1,0,0,,,
312,1,,,,0,,0,1,0,0,0,,,
313,1,,,,1,,0,1,1,0,0,,,
314,1,,,,0,,0,0,0,0,0,,,
315,1,,,,0,,0,0,0,0,0,,,
316,1,,,,0,,0,0,0,0,0,,,
317,1,,,,0,,0,0,1,0,0,,,
318,1,,,,0,,0,1,1,0,1,,,
319,1,,,,0,,0,0,0,0,0,,,
320,1,,,,0,,0,1,1,0,0,,,
321,1,,,,0,,0,0,0,1,0,,,
322,1,,,,0,,0,1,0,0,0,,,
323,1,,,,1,,1,1,1,1,1,,,
324,1,,,,0,,0,1,0,0,,,,
325,1,,,,0,,0,0,1,1,0,,,
326,1,,,,1,,1,1,1,1,0,,,
327,1,,,,1,,1,1,1,0,,,,
328,1,,,,1,,1,1,1,1,,,,
329,1,,,,0,,0,1,1,0,0,,,
330,1,,,,0,,0,0,0,0,0,,,
331,1,,,,0,,0,0,0,0,0,,,
332,1,,,,1,,1,1,1,1,,,,
333,1,,,,0,,0,1,0,,0,,,
334,1,,,,0,,0,0,0,,0,,,
335,1,,,,0,,0,0,0,0,0,,,
336,1,,,,0,,0,0,0,0,0,,,
337,1,,,,0,,0,1,1,0,0,,,
338,1,,,,0,,0,0,0,0,0,,,
339,1,,,,1,,1,1,1,1,0,,,
340,1,,,,0,,0,0,0,0,0,,,
341,1,,,,0,,0,0,0,0,0,,,
342,1,,,,0,,0,0,0,0,0,,,
343,1,,,,0,,0,0,0,0,,,,
344,1,,,,1,,1,1,1,0,,,,
345,1,,,,0,,0,0,0,0,0,,,
346,1,,,,0,,0,0,0,0,0,,,
347,1,,,,0,,0,0,0,1,1,,,
348,1,,,,0,,0,1,0,0,1,,,
349,1,,,,0,,0,0,1,,1,,,
350,1,,,,0,,0,1,1,0,,,,
351,1,,,,0,,0,0,0,0,0,,,
352,1,,,,0,,0,0,0,0,0,,,
353,1,,,,0,,0,0,0,0,0,,,
354,1,,,,0,,0,0,0,0,0,,,
355,1,,,,0,,0,0,0,0,0,,,
356,1,,,,0,,0,0,0,0,0,,,
357,1,,,,0,,0,0,0,0,0,,,
358,1,,,,1,,1,1,1,0,1,,,
359,1,,,,0,,0,0,1,0,0,,,
360,1,,,,1,,,1,1,0,,,,
361,1,,,,0,,0,0,0,0,1,,,
362,1,,,,1,,1,1,1,1,,,,
363,1,,,,1,,,1,1,0,,,,
364,1,,,,0,,0,0,0,1,0,,,
365,1,,,,1,,,1,1,0,1,,,
366,1,,,,0,,0,0,1,1,0,,,
367,1,,,,1,,,1,1,0,,,,
368,1,,,,0,,0,1,0,0,0,,,
369,1,,,,0,,0,0,0,0,0,,,
370,1,,,,0,,0,0,0,,0,,,
371,1,,,,0,,0,0,0,0,0,,,
372,1,,,,0,,0,0,0,0,0,,,
373,1,,,,0,,0,1,1,0,1,,,
374,1,,,,0,,0,0,0,0,0,,,
375,1,,,,0,,0,0,0,0,0,,,
376,1,,,,0,,0,0,0,0,0,,,
377,1,,,,0,,0,0,1,0,0,,,
378,1,,,,0,,0,0,0,0,0,,,
379,1,,,,0,,0,0,0,0,0,,,
380,1,,,,0,,0,0,0,0,0,,,
381,1,,,,0,,0,0,1,1,1,,,
382,1,,,,0,,0,0,0,0,0,,,
383,1,,,,0,,0,0,1,0,0,,,
384,1,,,,0,,0,0,0,0,1,,,
385,1,,,,0,,0,0,0,0,0,,,
386,1,,,,0,,0,0,0,0,0,,,
387,1,,,,0,,0,0,1,1,0,,,
388,1,,,,1,,1,1,1,0,0,,,
389,1,,,,1,,1,1,1,1,0,,,
390,1,,,,0,,0,0,0,0,0,,,
391,1,,,,1,,1,1,1,1,,,,
392,1,,,,0,,0,0,0,0,0,,,
393,1,,,,0,,0,0,0,0,0,,,
394,1,,,,0,,0,0,0,0,0,,,
395,1,,,,0,,0,1,1,0,0,,,
396,1,,,,0,,0,0,0,0,0,,,
397,1,,,,1,,1,1,1,0,1,,,
398,1,,,,0,,0,0,0,0,0,,,
399,1,,,,0,,0,0,0,0,0,,,
400,1,,,,1,,,1,1,0,,,,
401,1,,,,0,,0,0,0,0,0,,,
402,1,,,,1,,1,1,1,0,0,,,
403,1,,,,1,,1,1,1,0,0,,,
404,1,,,,0,,0,0,0,0,0,,,
405,1,,,,0,,0,0,0,0,1,,,
406,1,,,,0,,0,0,0,0,0,,,
407,1,,,,0,,0,0,0,0,0,,,
408,1,,,,0,,0,0,0,0,0,,,
409,1,,,,0,,0,1,0,0,0,,,
410,1,,,,0,,0,1,0,0,,,,
411,1,,,,0,,0,0,0,0,0,,,
412,1,,,,0,,0,0,0,0,0,,,
413,1,,,,0,,0,0,0,0,,,,
414,1,,,,0,,0,0,0,0,0,,,
415,1,,,,0,,0,0,0,0,0,,,
416,1,,,,0,,0,0,0,0,0,,,
417,1,,,,0,,0,0,1,0,0,,,
418,1,,,,0,,0,0,0,0,0,,,
419,1,,,,0,,0,0,1,0,1,,,
420,1,,,,1,,0,1,0,0,0,,,
421,1,,,,0,,0,0,0,1,0,,,
422,1,,,,0,,0,1,0,0,0,,,
423,1,,,,0,,0,0,0,0,0,,,
424,1,,,,0,,0,0,1,0,0,,,
425,1,,,,0,,0,1,0,0,0,,,
426,1,,,,0,,0,0,1,0,0,,,
427,1,,,,0,,0,0,0,0,0,,,
428,1,,,,0,,0,0,0,0,0,,,
429,1,,,,0,,0,0,0,0,0,,,
430,1,,,,0,,0,0,0,0,0,,,
431,1,,,,0,,0,0,,0,0,,,
432,1,,,,0,,0,0,0,0,0,,,
433,1,,,,0,,0,0,1,0,0,,,
434,1,,,,0,,0,0,0,0,0,,,
435,1,,,,0,,0,0,0,0,0,,,
436,1,,,,1,,1,1,1,1,,,,
437,1,,,,0,,0,0,0,0,0,,,
438,1,,,,0,,0,0,0,0,0,,,
439,1,,,,0,,0,0,0,1,,,,
440,1,,,,1,,1,1,1,0,0,,,
441,1,,,,0,,0,0,0,1,,,,
442,1,,,,0,,0,0,0,0,0,,,
443,1,,,,0,,0,1,0,0,1,,,
444,1,,,,0,,0,0,0,0,0,,,
445,1,,,,1,,1,1,1,1,,,,
446,1,,,,0,,0,0,0,0,0,,,
447,1,,,,0,,0,0,0,0,0,,,
448,1,,,,0,,0,1,,0,0,,,
449,1,,,,0,,0,0,0,0,0,,,
450,1,,,,0,,0,0,0,0,0,,,
451,1,,,,0,,0,0,0,0,0,,,
452,1,,,,0,,1,1,0,0,1,,,
453,1,,,,0,,0,0,0,0,0,,,
454,1,,,,0,,0,0,0,0,0,,,
455,1,,,,0,,0,0,0,0,0,,,
456,1,,,,0,,0,0,0,0,0,,,
457,1,,,,0,,0,0,0,0,0,,,
458,1,,,,1,,1,1,1,1,,,,
459,1,,,,0,,0,1,0,0,1,,,
460,1,,,,0,,0,0,0,0,0,,,
461,1,,,,0,,0,0,0,0,0,,,
462,1,,,,0,,0,0,0,0,0,,,
463,1,,,,0,,0,0,0,0,0,,,
464,1,,,,0,,0,1,0,0,0,,,
465,1,,,,0,,0,0,0,0,0,,,
466,1,,,,0,,0,0,0,0,0,,,
467,1,,,,1,,1,1,0,0,0,,,
468,1,,,,0,,0,0,0,0,0,,,
469,1,,,,0,,0,1,1,0,0,,,
470,1,,,,0,,0,0,0,0,0,,,
471,1,,,,1,,,1,1,0,0,,,
472,1,,,,0,,0,0,0,0,0,,,
473,1,,,,0,,0,0,0,0,0,,,
474,1,,,,0,,,0,0,0,1,,,
475,1,,,,0,,0,1,0,0,0,,,
476,1,,,,0,,0,0,0,0,0,,,
477,1,,,,0,,0,1,0,0,0,,,
478,1,,,,1,,1,1,1,0,0,,,
479,1,,,,0,,0,0,0,0,0,,,
480,1,,,,0,,0,0,0,0,0,,,
481,1,,,,0,,0,0,0,0,0,,,
482,1,,,,0,,0,1,0,0,0,,,
483,1,,,,0,,0,0,0,0,0,,,
484,1,,,,0,,0,0,0,0,0,,,
485,1,,,,0,,0,0,0,0,0,,,
486,1,,,,0,,0,0,0,0,0,,,
487,1,,,,0,,0,0,0,0,0,,,
488,1,,,,0,,0,0,0,0,1,,,
489,1,,,,1,,1,1,1,1,0,,,
490,1,,,,0,,0,0,1,1,0,,,
491,1,,,,0,,0,1,0,0,0,,,
492,1,,,,0,,0,0,1,1,0,,,
493,1,,,,1,,,1,1,0,1,,,
494,1,,,,0,,0,0,0,0,0,,,
495,1,,,,0,,0,0,0,0,0,,,
496,1,,,,0,,0,1,1,0,0,,,
497,1,,,,0,,0,0,0,0,0,,,
498,1,,,,0,,0,0,0,0,0,,,
499,1,,,,0,,0,1,1,1,0,,,
500,1,,,,0,,0,0,0,0,0,,,
501,1,,,,0,,0,0,0,0,0,,,
502,1,,,,0,,0,1,1,0,1,,,
503,1,,,,0,,0,0,0,0,0,,,
504,1,,,,0,,0,0,0,0,0,,,
505,1,,,,0,,0,0,0,0,0,,,
506,1,,,,0,,0,0,0,0,0,,,
507,1,,,,0,,0,0,0,0,0,,,
508,1,,,,0,,0,0,0,0,0,,,
509,1,,,,0,,0,0,0,0,0,,,
510,1,,,,0,,0,0,0,0,0,,,
511,1,,,,0,,0,0,0,0,0,,,
512,1,,,,0,,0,0,0,0,0,,,
513,1,,,,0,,0,0,0,0,0,,,
514,1,,,,0,,0,1,0,0,0,,,
515,1,,,,0,,0,0,0,0,0,,,
516,1,,,,0,,0,0,1,1,1,,,
517,1,,,,0,,0,0,0,0,0,,,
518,1,,,,0,,0,1,0,0,0,,,
519,1,,,,0,,0,0,0,0,0,,,
520,1,,,,0,,0,1,0,0,0,,,
521,1,,,,0,,0,0,0,0,1,,,
522,1,,,,0,,0,0,0,0,0,,,
523,1,,,,0,,0,0,1,,0,,,
524,1,,,,0,,0,0,0,0,0,,,
525,1,,,,0,,0,0,0,0,0,,,
526,1,,,,0,,0,1,0,0,0,,,
527,1,,,,0,,0,0,0,0,0,,,
528,1,,,,0,,0,0,0,0,0,,,
529,1,,,,0,,0,0,0,0,0,,,
530,1,,,,0,,0,0,0,0,0,,,
531,1,,,,0,,0,0,0,0,0,,,
532,1,,,,0,,0,0,0,0,0,,,
533,1,,,,0,,0,0,0,0,0,,,
534,1,,,,0,,0,0,0,0,0,,,
535,1,,,,0,,0,0,0,0,0,,,
536,1,,,,0,,0,0,0,0,0,,,
537,1,,,,0,,0,0,0,0,0,,,
538,1,,,,0,,0,0,0,1,0,,,
539,1,,,,0,,0,0,1,1,0,,,
540,1,,,,0,,0,0,1,0,0,,,
541,1,,,,0,,0,0,0,0,0,,,
542,1,,,,0,,0,0,0,0,0,,,
543,1,,,,1,,1,1,1,0,0,,,
544,1,,,,0,,0,0,0,0,0,,,
545,1,,,,0,,0,0,0,0,0,,,
546,1,,,,1,,1,1,1,1,0,,,
547,1,,,,1,,,1,1,0,0,,,
548,1,,,,0,,0,0,0,0,0,,,
549,1,,,,0,,0,0,0,0,0,,,
550,1,,,,0,,0,0,0,0,0,,,
551,1,,,,,,,1,0,0,0,,,
552,1,,,,0,,0,0,0,0,0,,,
553,1,,,,0,,0,0,0,0,0,,,
554,1,,,,0,,0,0,0,0,0,,,
555,1,,,,0,,0,0,0,0,0,,,
556,1,,,,0,,0,0,0,0,0,,,
557,1,,,,0,,0,0,0,0,0,,,
558,1,,,,0,,0,0,0,0,0,,,
559,1,,,,0,,0,0,1,0,0,,,
560,1,,,,0,,0,0,1,1,0,,,
561,1,,,,0,,0,0,0,0,0,,,
562,1,,,,0,,0,0,0,0,0,,,
563,1,,,,0,,0,0,1,0,0,,,
564,1,,,,0,,0,0,0,0,0,,,
565,1,,,,0,,0,0,0,0,0,,,
566,1,,,,1,,1,1,1,0,0,,,
567,1,,,,0,,0,0,0,0,0,,,
568,1,,,,0,,0,0,0,0,0,,,
569,1,,,,0,,0,0,0,0,0,,,
570,1,,,,0,,0,0,0,0,0,,,
571,1,,,,0,,0,0,0,0,0,,,
572,1,,,,0,,0,0,0,0,0,,,
573,1,,,,0,,0,0,0,1,0,,,
574,1,,,,,,1,1,1,0,0,,,
575,1,,,,0,,0,0,0,0,0,,,
576,1,,,,0,,0,1,1,0,0,,,
577,1,,,,0,,0,0,0,0,0,,,
578,1,,,,0,,0,0,0,0,0,,,
579,1,,,,0,,0,1,0,0,,,,
580,1,,,,0,,0,0,1,0,0,,,
581,1,,,,0,,0,0,0,0,0,,,
582,1,,,,1,,0,1,1,0,1,,,
583,1,,,,0,,0,0,0,0,0,,,
584,1,,,,1,,,1,1,0,0,,,
585,1,,,,0,,0,0,0,0,0,,,
586,1,,,,0,,0,0,0,0,,,,
587,1,,,,0,,0,0,0,0,0,,,
588,1,,,,0,,0,0,0,0,0,,,
589,1,,,,0,,0,0,0,0,0,,,
590,1,,,,,,0,1,0,0,,,,
591,1,,,,0,,0,0,0,0,0,,,
592,1,,,,0,,0,1,0,0,0,,,
593,1,,,,0,,0,0,0,0,0,,,
594,1,,,,0,,0,1,0,,,,,
595,1,,,,0,,0,0,0,0,0,,,
596,1,,,,1,,,1,1,0,,,,
597,1,,,,0,,0,0,1,1,0,,,
598,1,,,,0,,0,0,0,0,0,,,
599,1,,,,0,,0,0,0,0,0,,,
600,1,,,,0,,0,0,0,0,1,,,
601,1,,,,0,,0,0,0,0,0,,,
602,1,,,,0,,0,0,0,0,0,,,
603,1,,,,0,,0,0,0,1,0,,,
604,1,,,,0,,0,0,1,0,0,,,
605,1,,,,0,,0,0,0,0,0,,,
606,1,,,,0,,0,0,0,0,0,,,
607,1,,,,0,,0,0,0,0,0,,,
608,1,,,,0,,0,0,0,0,0,,,
609,1,,,,0,,0,0,0,0,0,,,
610,1,,,,1,,1,1,1,0,0,,,
611,1,,,,0,,0,0,0,0,0,,,
612,1,,,,0,,0,0,0,0,0,,,
613,1,,,,0,,0,1,1,1,,,,
614,1,,,,0,,0,0,1,0,0,,,
615,1,,,,1,,1,1,1,1,0,,,
616,1,,,,0,,0,0,0,0,0,,,
617,1,,,,1,,1,1,0,1,0,,,
618,1,,,,1,,1,1,1,1,1,,,
619,1,,,,0,,0,0,0,0,0,,,
620,1,,,,0,,0,0,0,0,0,,,
621,1,,,,1,,,1,1,0,0,,,
622,1,,,,0,,0,0,0,0,0,,,
623,1,,,,0,,0,0,0,0,0,,,
624,1,,,,0,,0,0,0,0,0,,,
625,1,,,,0,,0,0,0,0,0,,,
626,1,,,,0,,0,0,0,0,0,,,
627,1,,,,0,,0,0,0,0,0,,,
628,1,,,,0,,0,0,0,0,0,,,
629,1,,,,1,,,1,1,,,,,
630,1,,,,0,,0,0,0,0,0,,,
631,1,,,,0,,0,0,0,0,0,,,
632,1,,,,0,,0,0,1,0,0,,,
633,1,,,,0,,0,0,0,0,0,,,
634,1,,,,0,,0,1,0,0,0,,,
635,1,,,,1,,1,1,1,1,0,,,
636,1,,,,1,,1,1,1,1,0,,,
637,1,,,,1,,1,1,1,1,0,,,
638,1,,,,0,,0,0,1,0,0,,,
639,1,,,,0,,0,0,0,0,0,,,
640,1,,,,0,,0,0,0,0,0,,,
641,1,,,,0,,0,1,0,0,0,,,
642,1,,,,0,,0,1,0,1,0,,,
643,1,,,,1,,1,1,1,1,0,,,
644,1,,,,0,,0,0,0,0,0,,,
645,1,,,,1,,0,1,1,0,0,,,
646,1,,,,0,,0,0,0,0,0,,,
647,1,,,,,,0,1,0,,1,,,
648,1,,,,1,,1,1,0,0,0,,,
649,1,,,,0,,0,0,0,0,0,,,
650,1,,,,0,,0,0,0,0,0,,,
651,1,,,,0,,0,0,0,0,0,,,
652,1,,,,0,,0,0,0,0,1,,,
653,1,,,,0,,0,0,0,0,0,,,
654,1,,,,0,,0,0,1,0,0,,,
655,1,,,,0,,0,0,0,0,1,,,
656,1,,,,0,,0,1,0,0,0,,,
657,1,,,,0,,0,1,1,0,0,,,
658,1,,,,0,,0,0,0,0,0,,,
659,1,,,,0,,0,0,0,0,0,,,
660,1,,,,0,,0,0,0,0,0,,,
661,1,,,,0,,0,0,0,0,0,,,
662,1,1,1,,1,,1,1,1,0,1,1,,1
663,1,,1,1,,,,1,,,0,,,
664,0,,0,0,0,0,0,0,,,0,,,
665,0,,,,,,0,0,0,0,0,,,
666,0,,,,,,0,0,0,0,0,,,
667,0,,,,,,0,0,0,0,0,,,
668,0,,,,,,0,0,0,0,0,,,
669,0,,,,,,0,0,0,0,0,,,
670,0,,,,,,0,0,0,0,0,,,
671,0,,,,,,0,0,0,0,0,,,
672,0,,,,,,0,0,0,0,0,,,
673,0,,,,,,0,0,0,0,0,,,
674,0,,,,,,0,0,0,0,0,,,
675,0,,,,,,0,0,0,0,0,,,
676,0,,,,,,0,0,0,0,0,,,
677,0,,,,,,0,0,0,0,0,,,
678,0,,,,,,0,0,0,0,0,,,
679,0,,,,,,0,0,0,0,0,,,
680,0,,,,,,0,0,0,0,0,,,
681,0,,,,,,0,1,1,1,0,,,
682,0,,,,,,0,1,0,0,0,,,
683,0,,,,,,0,0,0,0,0,,,
684,0,,,,,,0,0,0,0,0,,,
685,0,,,,,,0,0,1,1,0,,,
686,0,,,,,,0,0,0,0,0,,,
687,0,,,,,,0,0,0,0,0,,,
688,0,,,,,,0,0,0,1,0,,,
689,0,,,,,,0,0,0,0,0,,,
690,0,,,,,,0,0,0,0,,,,
691,0,,,,,,0,1,0,0,0,,,
692,0,,,,,,0,0,0,0,0,,,
693,0,,,,,,0,0,0,0,0,,,
694,0,,,,,,0,0,0,0,0,,,
695,0,,,,,,0,0,0,0,0,,,
696,0,,,,,,0,0,0,0,0,,,
697,0,,,,0,,0,0,0,0,0,,,
698,0,,,,0,,0,0,0,0,0,,,
699,0,,,,0,,0,0,0,0,0,,,
700,0,,,,0,,0,0,0,0,0,,,
701,0,,,,0,,0,0,0,0,0,,,
702,0,,,,0,,0,0,0,0,0,,,
703,0,,,,0,,0,0,0,0,0,,,
704,0,,,,0,,0,0,0,0,0,,,
705,0,,,,0,,0,0,1,1,0,,,
706,0,,,,0,,0,0,0,0,0,,,
707,0,,,,0,,0,0,0,0,0,,,
708,0,,,,0,,0,0,0,0,0,,,
709,0,,,,0,,0,0,0,0,0,,,
710,0,,,,0,,0,0,0,0,0,,,
711,0,,,,0,,0,0,0,0,0,,,
712,0,,,,0,,0,0,0,0,0,,,
713,0,,,,0,,0,0,0,0,1,,,
714,0,,,,0,,0,0,0,0,0,,,
715,0,,,,0,,0,0,0,0,0,,,
716,0,,,,0,,0,0,0,0,0,,,
717,0,,,,0,,0,0,0,0,0,,,
718,0,,,,0,,0,0,0,0,0,,,
719,0,,,,0,,0,0,0,0,0,,,
720,0,,,,0,,0,0,0,0,0,,,
721,0,,,,0,,0,0,0,0,0,,,
722,0,,,,0,,0,0,0,0,0,,,
723,0,,,,0,,0,0,0,0,0,,,
724,0,,,,0,,0,0,0,0,0,,,
725,0,,,,0,,0,0,0,0,0,,,
726,0,,,,0,,0,0,0,0,0,,,
727,0,,,,0,,0,0,0,0,0,,,
728,0,,,,0,,0,0,0,0,0,,,
729,0,,,,0,,0,0,0,0,0,,,
730,0,,,,0,,0,0,0,0,0,,,
731,0,,,,0,,0,1,0,0,0,,,
732,0,,,,0,,0,0,0,0,0,,,
733,0,,,,0,,0,0,0,0,0,,,
734,0,,,,0,,0,0,0,0,0,,,
735,0,,,,0,,0,0,0,0,0,,,
736,0,,,,0,,0,0,0,0,0,,,
737,0,,,,0,,0,0,0,0,0,,,
738,0,,,,0,,0,0,0,0,0,,,
739,0,,,,0,,0,0,0,0,0,,,
740,0,,,,0,,0,0,0,0,0,,,
741,0,,,,0,,0,0,0,0,0,,,
742,0,,,,0,,0,0,0,0,0,,,
743,0,,,,0,,0,0,0,0,0,,,
744,0,,,,0,,0,0,0,0,0,,,
745,0,,,,0,,0,0,0,0,0,,,
746,0,,,,0,,0,0,0,0,0,,,
747,0,,,,0,,0,0,0,0,0,,,
748,0,,,,0,,0,0,0,0,0,,,
749,0,,,,0,,0,0,0,0,0,,,
750,0,,,,0,,0,0,0,0,0,,,
751,0,,,,0,,0,0,0,0,0,,,
752,0,,,,0,,0,0,0,0,0,,,
753,0,,,,0,,0,1,0,0,0,,,
754,0,,,,0,,0,1,0,0,0,,,
755,0,,,,0,,0,0,0,0,0,,,
756,0,,,,0,,0,0,0,0,0,,,
757,0,,,,0,,0,0,0,0,0,,,
758,0,,,,0,,0,0,0,0,0,,,
759,0,,,,0,,0,0,0,0,0,,,
760,0,,,,0,,0,0,0,0,0,,,
761,0,,,,0,,0,0,0,0,0,,,
762,0,,,,0,,0,0,0,0,0,,,
763,0,,,,0,,0,0,0,0,0,,,
764,0,,,,0,,0,0,0,0,0,,,
765,0,,,,0,,0,0,0,0,0,,,
766,0,,,,0,,0,0,0,0,0,,,
767,0,,,,0,,0,0,0,0,0,,,
768,0,,,,0,,0,0,0,0,0,,,
769,0,,,,0,,0,0,0,0,0,,,
770,0,,,,0,,0,0,0,0,0,,,
771,0,,,,0,,0,0,0,0,1,,,
772,0,,,,0,,0,1,0,0,1,,,
773,0,,,,0,,0,0,0,0,,,,
774,0,,,,0,,0,0,0,0,,,,
775,0,,,,0,,0,0,1,0,0,,,
776,0,,,,0,,0,0,0,0,,,,
777,0,,,,0,,0,1,1,0,0,,,
778,0,,,,0,,0,0,0,0,,,,
779,0,,,,0,,0,0,0,0,,,,
780,0,,,,0,,0,0,0,0,1,,,
781,0,,,,0,,0,0,0,0,0,,,
782,0,,,,0,,0,0,0,0,,,,
783,0,,,,0,,0,0,0,0,0,,,
784,0,,,,0,,0,0,1,0,,,,
785,0,,,,0,,0,0,0,0,0,,,
786,0,,,,0,,0,0,0,0,0,,,
787,0,,,,0,,0,0,0,0,,,,
788,0,,,,0,,0,0,0,0,0,,,
789,0,,,,0,,0,0,0,0,0,,,
790,0,,,,0,,0,0,0,0,0,,,
791,0,,,,0,,0,0,0,0,0,,,
792,0,,,,0,,0,0,0,0,0,,,
793,0,,,,0,,0,0,1,0,0,,,
794,0,,,,0,,0,0,0,0,0,,,
795,0,,,,,,0,0,0,0,0,,,
796,0,,,,0,,0,0,0,0,0,,,
797,0,,,,0,,0,0,0,0,0,,,
798,0,,,,0,,0,0,0,0,0,,,
799,0,,,,0,,0,0,0,0,0,,,
800,0,,,,0,,0,0,0,0,0,,,
801,0,,,,0,,0,0,0,0,0,,,
802,0,,,,0,,0,0,0,0,0,,,
803,0,,,,0,,0,0,0,0,0,,,
804,0,,,,0,,0,0,0,0,0,,,
805,0,,,,0,,0,0,0,0,0,,,
806,0,,,,0,,0,0,1,0,0,,,
807,0,,,,0,,0,0,,0,0,,,
808,0,,,,0,,0,0,0,0,0,,,
809,0,,,,0,,0,0,0,0,0,,,
810,0,,,,0,,0,0,0,0,0,,,
811,0,,,,0,,0,0,0,0,0,,,
812,0,,,,0,,0,0,0,0,0,,,
813,0,,,,0,,0,0,0,0,0,,,
814,0,,,,0,,0,0,0,0,0,,,
815,0,,,,0,,0,0,0,0,0,,,
816,0,,,,0,,0,0,1,0,0,,,
817,0,,,,0,,0,0,0,0,0,,,
818,0,,,,0,,0,0,0,0,0,,,
819,0,,,,0,,0,0,0,0,0,,,
820,0,,,,0,,0,0,0,0,0,,,
821,0,,,,0,,0,0,0,0,0,,,
822,0,,,,0,,0,0,0,0,0,,,
823,0,,,,0,,0,0,0,0,0,,,
824,0,,,,0,,0,0,0,0,0,,,
825,0,,,,0,,0,0,0,0,0,,,
826,0,,,,0,,0,0,0,0,0,,,
827,0,,,,0,,0,0,0,0,0,,,
828,0,,,,0,,0,0,0,0,0,,,
829,0,,,,0,,0,0,0,0,0,,,
830,0,,,,0,,0,0,0,0,0,,,
831,0,,,,0,,0,0,0,0,0,,,
832,0,,,,0,,0,0,0,0,0,,,
833,0,,,,0,,0,0,0,0,0,,,
834,0,,,,0,,0,0,0,0,0,,,
835,0,,,,0,,0,0,0,0,0,,,
836,0,,,,0,,0,0,0,0,0,,,
837,0,,,,0,,0,0,0,0,0,,,
838,0,,,,0,,0,0,0,0,0,,,
839,0,,,,0,,0,0,0,0,0,,,
840,0,,,,0,,0,0,0,0,0,,,
841,0,,,,0,,0,0,0,0,0,,,
842,0,,,,0,,0,0,0,0,0,,,
843,0,,,,0,,0,0,0,0,0,,,
844,0,,,,0,,0,0,1,0,0,,,
845,0,,,,0,,0,0,0,0,0,,,
846,0,,,,0,,0,0,0,0,0,,,
847,0,,,,0,,0,0,0,0,0,,,
848,0,,,,0,,0,0,0,0,0,,,
849,0,,,,0,,0,0,0,0,0,,,
850,0,,,,0,,0,0,0,0,0,,,
851,0,,,,0,,0,1,0,0,0,,,
852,0,,,,0,,0,0,0,0,0,,,
853,0,,,,0,,0,0,0,0,0,,,
854,0,,,,0,,0,0,0,0,0,,,
855,0,,,,0,,0,0,0,0,0,,,
856,0,,,,0,,0,0,0,0,0,,,
857,0,,,,0,,0,0,0,0,0,,,
858,0,,,,0,,0,0,0,0,0,,,
859,0,,,,0,,0,0,0,0,0,,,
860,0,,,,0,,0,0,0,0,0,,,
861,0,,,,0,,0,0,0,0,0,,,
862,0,,,,0,,0,0,0,0,0,,,
863,0,,,,0,,0,0,0,0,0,,,
864,0,,,,0,,0,0,0,0,0,,,
865,0,,,,0,,0,0,0,0,0,,,
866,0,,,,0,,0,0,0,0,0,,,
867,0,,,,0,,0,0,0,0,0,,,
868,0,,,,0,,0,0,0,0,0,,,
869,0,,,,0,,0,0,0,0,0,,,
870,0,,,,0,,0,0,0,0,0,,,
871,0,,,,0,,0,0,0,0,0,,,
872,0,,,,0,,0,0,0,0,0,,,
873,0,,,,0,,0,0,0,0,0,,,
874,0,,,,0,,0,0,0,0,0,,,
875,0,,,,0,,0,0,0,0,0,,,
876,0,,,,0,,0,1,0,0,0,,,
877,0,,,,0,,0,0,0,0,0,,,
878,0,,,,0,,0,1,0,,0,,,
879,0,,,,0,,0,0,0,0,0,,,
880,0,,,,0,,0,0,0,0,0,,,
881,0,,,,0,,0,0,0,0,0,,,
882,0,,,,0,,0,0,0,0,0,,,
883,0,,,,0,,0,0,1,,0,,,
884,0,,,,0,,0,0,0,0,0,,,
885,0,,,,0,,0,0,0,0,0,,,
886,0,,,,0,,0,0,0,0,0,,,
887,0,,,,0,,0,0,0,0,0,,,
888,0,,,,0,,0,0,0,0,0,,,
889,0,,,,0,,0,0,0,0,0,,,
890,0,,,,0,,0,0,0,0,0,,,
891,0,,,,0,,0,0,0,0,0,,,
892,0,,,,0,,0,0,0,0,0,,,
893,0,,,,0,,0,0,0,0,0,,,
894,0,,,,0,,0,0,0,0,0,,,
895,0,,,,0,,0,0,0,0,0,,,
896,0,,,,0,,0,0,0,0,0,,,
897,0,,,,0,,0,0,0,0,0,,,
898,0,,,,0,,0,1,0,,0,,,
899,0,,,,0,,0,0,0,0,0,,,
900,0,,,,0,,0,0,0,0,0,,,
901,0,,,,0,,0,0,0,0,0,,,
902,0,,,,0,,0,0,0,0,0,,,
903,0,,,,0,,0,0,0,0,0,,,
904,0,,,,0,,0,1,0,0,0,,,
905,0,,,,0,,0,0,0,0,0,,,
906,0,,,,0,,0,0,0,0,0,,,
907,0,,,,0,,0,0,0,0,0,,,
908,0,,,,0,,0,0,0,0,0,,,
909,0,,,,0,,0,0,0,0,0,,,
910,0,,,,0,,0,0,0,0,0,,,
911,0,,,,0,,0,0,0,0,0,,,
912,0,,,,0,,0,0,0,0,0,,,
913,0,,,,0,,0,0,0,0,0,,,
914,0,,,,0,,0,0,0,0,0,,,
915,0,,,,0,,0,0,0,0,0,,,
916,0,,,,0,,0,0,0,0,0,,,
917,0,,,,0,,0,0,0,0,0,,,
918,0,,,,0,,0,0,0,0,0,,,
919,0,,,,0,,0,0,0,0,0,,,
920,0,,,,0,,0,0,0,0,0,,,
921,0,,,,0,,0,0,0,0,0,,,
922,0,,,,0,,0,0,0,0,0,,,
923,0,,,,0,,0,0,0,0,0,,,
924,0,,,,0,,0,0,0,0,0,,,
925,0,,,,0,,0,0,0,0,0,,,
926,0,,,,0,,0,0,1,1,0,,,
927,0,,,,0,,0,0,0,0,0,,,
928,0,,,,0,,0,0,0,0,0,,,
929,0,,,,0,,0,0,0,0,0,,,
930,0,,,,0,,0,0,0,0,0,,,
931,0,,,,0,,0,0,0,0,0,,,
932,0,,,,0,,0,0,0,0,0,,,
933,0,,,,0,,0,0,0,0,0,,,
934,0,,,,0,,0,0,0,0,0,,,
935,0,,,,0,,0,0,0,0,0,,,
936,0,,,,0,,0,0,0,0,0,,,
937,0,,,,0,,0,0,0,0,0,,,
938,0,,,,0,,0,0,0,0,0,,,
939,0,,,,0,,0,0,0,0,0,,,
940,0,,,,0,,0,0,0,0,0,,,
941,0,,,,0,,0,0,0,0,0,,,
942,0,,,,0,,0,0,0,0,0,,,
943,0,,,,0,,0,0,0,0,0,,,
944,0,,,,0,,0,0,0,0,0,,,
945,0,,,,0,,0,0,0,0,0,,,
946,0,,,,0,,0,0,0,0,0,,,
947,0,,,,0,,0,0,0,0,0,,,
948,0,,,,0,,0,0,1,0,0,,,
949,0,,,,0,,0,0,0,0,0,,,
950,0,,,,0,,0,0,0,0,0,,,
951,0,,,,0,,0,0,0,0,0,,,
952,0,,,,0,,0,0,0,0,0,,,
953,0,,,,0,,0,0,0,0,0,,,
954,0,,,,0,,0,0,0,0,0,,,
955,0,,,,0,,0,0,0,0,0,,,
956,0,,,,0,,0,1,1,0,0,,,
957,0,,,,0,,0,1,0,0,0,,,
958,0,,,,0,,0,0,0,0,0,,,
959,0,,,,0,,0,0,0,0,0,,,
960,0,,,,0,,0,0,0,0,0,,,
961,0,,,,0,,0,0,0,0,0,,,
962,0,,,,0,,0,0,0,0,0,,,
963,0,,,,0,,0,0,0,0,0,,,
964,0,,,,0,,0,1,1,1,0,,,
965,0,,,,0,,0,0,0,0,0,,,
966,0,,,,0,,0,1,0,0,0,,,
967,0,,,,0,,0,0,0,0,0,,,
968,0,,,,0,,0,0,0,0,0,,,
969,0,,,,0,,0,0,0,0,0,,,
970,0,,,,0,,0,0,0,0,0,,,
971,0,,,,0,,0,0,0,0,0,,,
972,0,,,,0,,0,0,0,0,0,,,
973,0,,,,0,,0,0,0,0,0,,,
974,0,,,,0,,0,0,0,0,0,,,
975,0,,,,0,,0,0,0,0,0,,,
976,0,,,,0,,0,0,0,0,0,,,
977,0,,,,0,,0,0,0,0,0,,,
978,0,,,,0,,0,0,0,0,0,,,
979,0,,,,0,,0,0,0,0,0,,,
980,0,,,,0,,0,0,0,0,0,,,
981,0,,,,0,,0,0,0,0,0,,,
982,0,,,,0,,0,0,0,0,0,,,
983,0,,,,0,,0,0,0,0,0,,,
984,0,,,,0,,0,0,0,0,0,,,
985,0,,,,0,,0,0,0,0,0,,,
986,0,,,,0,,0,0,0,0,0,,,
987,0,,,,0,,0,1,0,0,0,,,
988,0,,,,0,,0,0,0,0,0,,,
989,0,,,,0,,0,0,0,0,0,,,
990,0,,,,0,,0,1,0,0,0,,,
991,0,,,,0,,0,0,0,0,0,,,
992,0,,,,0,,0,0,0,0,0,,,
993,0,,,,0,,0,0,0,0,0,,,
994,0,,,,0,,0,0,0,0,0,,,
995,0,,,,0,,0,0,0,0,0,,,
996,0,,,,0,,0,0,0,0,0,,,
997,0,,,,0,,0,0,0,0,0,,,
998,0,,,,0,,0,0,0,0,0,,,
999,0,,,,0,,0,0,0,0,0,,,
1000,0,,,,0,,0,0,0,0,0,,,
1001,0,,,,0,,0,0,0,0,0,,,
1002,0,,,,0,,0,0,0,0,0,,,
1003,0,,,,0,,0,0,0,0,0,,,
1004,0,,,,0,,0,0,0,0,0,,,
1005,0,,,,0,,0,0,0,0,0,,,
1006,0,,,,0,,0,0,0,0,0,,,
1007,0,,,,0,,0,0,0,0,0,,,
1008,0,,,,0,,0,0,0,0,0,,,
1009,0,,,,0,,0,1,0,0,0,,,
1010,0,,,,0,,0,0,0,0,0,,,
1011,0,,,,0,,0,0,0,0,0,,,
1012,0,,,,0,,0,0,0,0,0,,,
1013,0,,,,0,,0,0,0,0,0,,,
1014,0,,,,0,,0,0,0,0,0,,,
1015,0,,,,0,,0,0,0,0,0,,,
1016,0,,,,0,,0,0,0,0,0,,,
1017,0,,,,0,,0,0,0,0,0,,,
1018,0,,,,0,,0,0,0,0,0,,,
1019,0,,,,0,,0,0,0,0,0,,,
1020,0,,,,0,,0,0,0,0,0,,,
1021,0,,,,0,,0,0,0,0,0,,,
1022,0,,,,0,,0,0,0,0,0,,,
1023,0,,,,0,,0,0,0,0,0,,,
1024,0,,,,0,,0,0,0,0,0,,,
1025,0,,,,0,,0,0,0,0,0,,,
1026,0,,,,0,,0,0,0,0,0,,,
1027,0,,,,0,,0,0,1,0,0,,,
1028,0,,,,0,,0,0,0,0,0,,,
1029,0,,,,0,,0,0,0,0,0,,,
1030,0,,,,0,,0,0,0,0,0,,,
1031,0,,,,0,,0,0,0,0,0,,,
1032,0,,,,0,,0,0,0,0,0,,,
1033,0,,,,0,,0,0,0,0,0,,,
1034,0,,,,0,,0,0,0,0,0,,,
1035,0,,,,0,,0,0,0,0,0,,,
1036,0,,,,0,,0,0,0,0,0,,,
1037,0,,,,0,,0,0,1,0,0,,,
1038,0,,,,0,,0,0,0,0,0,,,
1039,0,,,,0,,0,0,0,0,0,,,
1040,0,,,,0,,0,0,0,0,0,,,
1041,0,,,,0,,0,0,0,0,,,,
1042,0,,,,0,,0,0,0,0,0,,,
1043,0,,,,0,,0,0,0,0,,,,
1044,0,,,,0,,0,0,0,0,0,,,
1045,0,,,,0,,0,0,0,0,0,,,
1046,0,,,,0,,0,0,0,0,0,,,
1047,0,,,,0,,0,0,0,0,0,,,
1048,0,,,,0,,0,0,0,0,0,,,
1049,0,,,,0,,0,0,0,0,0,,,
1050,0,,,,0,,0,0,0,0,0,,,
1051,0,,,,0,,0,0,0,0,0,,,
1052,0,,,,0,,0,0,0,0,0,,,
1053,0,,,,0,,0,0,0,0,0,,,
1054,0,,,,0,,0,0,0,0,0,,,
1055,0,,,,0,,0,0,0,0,0,,,
1056,0,,,,0,,0,0,1,0,0,,,
1057,0,,,,0,,0,0,0,0,0,,,
1058,0,,,,0,,0,1,0,0,0,,,
1059,0,,,,0,,0,0,0,0,0,,,
1060,0,,,,0,,0,0,0,0,0,,,
1061,0,,,,0,,0,0,0,0,0,,,
1062,0,,,,0,,0,0,0,0,0,,,
1063,0,,,,0,,0,0,0,0,0,,,
1064,0,,,,0,,0,0,0,0,0,,,
1065,0,,,,0,,0,0,0,0,0,,,
1066,0,,,,0,,0,0,0,0,0,,,
1067,0,,,,0,,0,0,0,0,0,,,
1068,0,,,,0,,0,0,0,0,0,,,
1069,0,,,,0,,0,0,0,0,1,,,
1070,0,,,,0,,0,0,0,0,0,,,
1071,0,,,,0,,0,0,0,0,0,,,
1072,0,,,,,,0,0,0,0,0,,,
1073,0,,,,0,,0,0,1,0,0,,,
1074,0,,,,0,,0,0,0,0,0,,,
1075,0,,,,0,,0,0,0,0,0,,,
1076,0,,,,0,,0,0,0,0,0,,,
1077,0,,,,0,,0,0,0,0,0,,,
1078,0,,,,0,,0,0,0,0,0,,,
1079,0,,,,0,,0,0,0,0,0,,,
1080,0,,,,0,,0,0,0,0,0,,,
1081,0,,,,0,,0,1,0,0,0,,,
1082,0,,,,0,,0,0,0,0,0,,,
1083,0,,,,0,,0,0,0,0,0,,,
1084,0,,,,0,,0,0,0,0,0,,,
1085,0,,,,0,,0,0,1,0,0,,,
1086,0,,,,0,,0,0,0,0,0,,,
1087,0,,,,0,,0,0,0,0,0,,,
1088,0,,,,0,,0,0,0,0,0,,,
1089,0,,,,0,,0,0,0,0,0,,,
1090,0,,,,0,,0,0,0,0,0,,,
1091,0,,,,0,,0,0,0,0,0,,,
1092,0,,,,0,,0,0,0,0,0,,,
1093,0,,,,0,,0,0,,0,0,,,
1094,0,,,,0,,0,0,0,0,0,,,
1095,0,,,,0,,0,0,0,0,,,,
1096,0,,,,0,,0,0,0,0,0,,,
1097,0,,,,0,,0,0,0,0,0,,,
1098,,1,,,1,1,1,,1,0,,,,1
1099,,1,,,1,1,1,,1,0,,,,1
1100,,1,,,1,1,1,,1,1,,,,1
1101,,1,,,1,1,1,,1,1,,,,0
1102,,1,,,,1,0,,1,0,,,,1
1103,,1,1,1,1,1,1,,1,0,1,1,,1
1104,,1,1,1,1,1,1,,1,1,1,1,,1
1105,,1,1,0,,0,1,1,0,1,0,,0,
1106,,1,0,0,1,0,0,1,,0,0,0,1,
1107,,1,1,1,1,1,1,,1,1,,1,,1
1108,,1,1,1,1,,1,,0,1,1,1,,1
1109,,1,,1,1,1,1,,0,0,1,1,,1
1110,,1,1,1,1,1,1,,1,0,1,0,,1
1111,,1,1,1,,1,1,,1,1,1,1,1,1
1112,,1,1,1,1,1,1,,1,0,1,,,1
1113,,1,1,1,1,1,1,,1,0,1,0,,1
1114,,1,1,1,1,1,1,,1,1,1,1,,1
1115,,1,1,1,1,1,1,,1,1,1,1,,1
1116,,1,,1,1,1,1,,1,1,,,1,
1117,,1,1,1,1,1,1,,1,0,1,1,,1
1118,,1,1,1,1,1,1,,1,1,1,0,,1
1119,,1,,1,1,1,1,,1,,,,,
1120,,1,,1,1,1,1,,1,,1,,,
1121,,1,1,1,1,1,1,,1,1,,1,,1
1122,,1,1,1,1,1,1,,1,0,1,0,,0
1123,,1,1,1,1,1,1,,1,0,1,0,,0
1124,,1,0,0,0,0,0,0,1,0,0,0,1,
1125,,1,0,0,0,,0,0,1,0,0,0,1,
1126,,1,1,,1,0,,1,1,0,0,1,1,
1127,,1,0,0,0,0,0,0,1,0,0,0,1,
1128,,1,0,0,0,0,0,0,0,0,1,0,1,
1129,,1,0,0,0,0,0,0,0,0,0,0,1,
1130,,1,0,0,0,0,0,0,0,0,0,0,1,
1131,,1,0,0,0,0,0,0,1,0,0,0,1,
1132,,1,0,0,0,0,0,0,0,0,1,0,0,
1133,,1,0,0,0,0,0,0,1,0,0,1,1,
1134,,1,0,0,0,0,0,1,0,0,0,0,1,
1135,,1,0,0,0,0,0,0,0,1,0,,0,
1136,,1,0,0,0,0,0,0,0,0,0,0,1,
1137,,1,0,0,0,0,0,0,0,0,0,0,0,
1138,,1,0,0,0,0,0,0,1,1,0,1,1,
1139,,1,0,0,0,,0,1,1,0,1,1,1,
1140,,1,0,0,0,0,0,0,1,0,0,0,1,
1141,,1,0,0,0,0,0,0,0,0,0,0,1,
1142,,1,0,0,0,0,0,0,0,0,0,0,0,
1143,,1,0,0,0,,0,0,0,0,0,0,0,
1144,,1,0,0,0,0,0,0,1,1,0,,1,
1145,,1,0,0,0,0,0,0,0,0,0,0,1,
1146,,1,0,0,0,0,0,0,0,0,0,0,0,
1147,,1,0,0,0,0,0,0,,0,0,0,0,
1148,,1,0,0,0,0,0,0,1,0,0,0,1,
1149,,1,0,0,0,0,0,0,,0,0,0,0,
1150,,1,0,0,0,0,0,0,0,0,0,0,0,
1151,,1,0,0,0,0,0,0,0,1,0,1,1,
1152,,1,1,1,1,0,1,1,1,0,0,0,0,
1153,,1,1,1,1,0,1,1,1,0,0,1,1,
1154,,1,0,0,0,0,0,0,0,0,0,0,1,
1155,,1,1,,1,,,1,1,0,0,0,1,
1156,,1,0,0,0,0,0,0,0,0,0,0,1,
1157,,1,1,,1,0,1,1,1,0,0,0,1,
1158,,1,0,0,0,0,0,0,0,0,0,0,0,
1159,,1,0,0,1,0,0,1,1,0,0,1,1,
1160,,1,0,0,0,0,0,0,1,0,0,0,1,
1161,,1,0,0,0,0,0,0,1,1,0,1,1,
1162,,1,0,0,0,0,0,0,0,0,0,0,,
1163,,1,0,0,1,,1,1,1,0,,0,1,
1164,,1,1,1,1,,1,1,1,1,0,1,0,
1165,,1,0,0,0,0,0,0,0,0,1,0,0,
1166,,1,0,0,0,0,0,0,0,0,0,0,1,
1167,,1,0,0,0,0,0,0,0,0,0,0,0,
1168,,1,0,0,0,0,0,0,0,0,0,0,0,
1169,,1,0,0,0,0,0,0,0,0,0,0,1,
1170,,1,0,0,1,0,0,1,1,0,0,1,1,
1171,,1,0,0,0,0,0,0,0,0,0,0,0,
1172,,1,0,0,0,0,0,0,0,0,0,0,1,
1173,,1,0,0,0,0,0,1,0,0,1,0,1,
1174,,1,0,0,0,0,0,0,0,0,0,0,0,
1175,,1,0,0,0,0,0,0,0,0,0,0,0,
1176,,1,0,0,0,0,0,0,1,0,0,0,1,
1177,,1,0,0,0,0,0,0,0,0,0,0,0,
1178,,1,1,0,1,0,1,1,0,0,0,0,0,
1179,,1,0,0,0,0,0,0,1,0,0,0,1,
1180,,1,0,0,0,0,0,0,0,0,0,0,0,
1181,,1,,,1,0,0,1,0,0,0,0,0,
1182,,1,1,1,1,0,1,1,1,0,0,1,1,
1183,,1,0,0,0,,0,1,0,0,0,0,0,
1184,,1,0,0,0,0,0,0,0,0,0,0,1,
1185,,1,0,0,0,0,0,1,1,0,0,1,1,
1186,,1,0,0,0,0,0,0,0,0,0,0,0,
1187,,1,1,,1,0,,1,1,0,0,1,1,
1188,,1,,0,1,1,1,1,,0,0,0,0,
1189,,1,0,0,0,0,0,0,0,0,0,0,1,
1190,,1,0,0,0,0,0,0,0,0,1,0,0,
1191,,1,0,0,0,0,0,0,0,0,0,0,1,
1192,,1,,0,1,0,0,1,0,0,0,0,1,
1193,,1,0,0,0,0,0,0,0,0,0,0,0,
1194,,1,0,0,0,0,0,0,0,0,0,0,0,
1195,,1,1,0,0,0,1,0,1,0,0,0,1,
1196,,1,0,0,0,0,0,0,0,0,0,0,1,
1197,,1,0,0,0,0,0,0,0,0,1,0,1,
1198,,1,0,0,0,0,0,0,0,0,0,0,0,
1199,,1,0,0,0,0,0,0,0,0,0,0,0,
1200,,1,1,0,0,1,,1,1,0,,1,1,
1201,,1,0,0,0,0,0,0,0,0,0,0,0,
1202,,1,0,0,0,0,0,1,0,0,0,0,1,
1203,,1,0,0,0,0,0,0,0,0,0,0,0,
1204,,1,0,0,0,0,0,0,1,0,0,0,0,
1205,,1,0,0,0,0,0,0,0,0,0,0,1,
1206,,1,0,0,0,0,0,0,0,0,0,0,1,
1207,,1,0,0,0,0,0,1,0,0,0,0,0,
1208,,1,0,0,0,0,0,1,0,0,0,0,0,
1209,,1,0,0,0,0,0,0,0,0,0,0,0,
1210,,1,0,0,0,0,0,0,0,0,1,0,0,
1211,,1,0,0,0,0,0,0,0,0,0,0,1,
1212,,1,0,0,0,0,0,1,1,1,0,1,0,
1213,,1,0,0,0,0,0,0,1,0,0,0,1,
1214,,1,0,0,0,0,0,0,0,0,1,0,0,
1215,,1,,0,0,1,,1,1,0,0,0,1,
1216,,1,0,0,0,0,0,0,0,0,1,0,1,
1217,,1,0,0,1,0,0,1,1,0,0,1,1,
1218,,1,0,0,0,,0,1,0,0,1,0,0,
1219,,1,0,0,0,0,0,0,0,0,0,0,0,
1220,,1,0,0,0,0,0,1,1,0,0,1,1,
1221,,1,0,0,0,,0,1,1,1,0,1,1,
1222,,1,0,0,0,0,0,0,0,0,0,0,0,
1223,,1,0,0,0,0,0,0,0,0,0,0,1,
1224,,1,0,0,0,0,0,0,0,0,0,0,1,
1225,,1,0,0,1,0,0,1,1,0,0,1,1,
1226,,1,0,0,0,0,0,0,0,0,0,0,0,
1227,,1,0,,,0,0,1,0,0,0,0,1,
1228,,1,0,0,0,0,0,0,,0,0,0,1,
1229,,1,0,0,0,0,0,0,1,0,0,0,1,
1230,,1,0,0,0,0,0,0,1,0,0,0,0,
1231,,1,0,0,0,,0,1,1,0,0,0,1,
1232,,1,0,0,0,0,0,0,0,0,1,0,0,
1233,,1,0,0,0,0,0,0,0,0,0,0,1,
1234,,1,0,0,0,,0,1,0,1,0,1,1,
1235,,1,0,0,0,0,0,0,0,0,0,0,0,
1236,,1,0,0,0,0,0,0,0,0,0,0,1,
1237,,1,0,0,0,0,0,0,0,0,0,0,1,
1238,,1,0,0,0,0,0,0,1,0,0,0,0,
1239,,1,,0,0,,0,1,0,0,0,0,0,
1240,,1,0,0,0,0,0,0,0,0,0,0,0,
1241,,1,0,0,0,0,0,0,0,0,0,0,1,
1242,,1,0,0,0,0,0,0,1,0,0,0,1,
1243,,1,0,0,0,0,0,0,0,0,0,0,0,
1244,,1,0,0,0,0,0,0,1,1,1,,1,
1245,,1,0,0,0,0,0,0,1,0,0,0,0,
1246,,1,0,0,0,0,0,0,0,0,0,0,1,
1247,,1,0,0,0,0,0,0,0,0,0,0,0,
1248,,1,0,0,0,0,0,0,0,0,0,0,0,
1249,,1,1,,1,0,,1,1,1,0,1,1,
1250,,1,0,0,0,0,0,0,0,0,0,0,0,
1251,,1,0,0,0,0,0,0,1,0,,0,0,
1252,,1,0,0,0,0,0,0,0,0,0,0,0,
1253,,1,0,0,0,,0,1,0,0,0,0,0,
1254,,1,0,0,0,0,0,0,0,0,0,0,0,
1255,,1,0,0,0,,0,1,0,0,0,0,0,
1256,,1,,0,1,0,,1,1,0,0,1,1,
1257,,1,0,0,0,0,0,0,0,0,0,0,0,
1258,,1,0,0,0,0,0,0,1,1,0,1,1,
1259,,1,0,0,0,0,0,0,0,0,0,0,1,
1260,,1,0,0,0,0,0,1,1,1,,1,1,
1261,,1,1,1,1,0,1,1,1,0,1,1,1,
1262,,1,0,0,0,0,0,0,0,0,0,0,0,
1263,,1,0,0,0,0,0,0,0,0,0,0,0,
1264,,1,0,0,0,0,0,0,0,0,0,0,0,
1265,,1,0,0,0,0,0,0,0,0,0,0,0,
1266,,1,0,0,0,0,0,0,,1,0,1,1,
1267,,1,0,0,0,0,0,0,0,0,0,0,0,
1268,,1,0,0,0,0,0,0,0,0,0,0,0,
1269,,1,0,0,0,0,0,0,0,0,0,0,1,
1270,,1,0,0,0,0,0,0,0,,0,,1,
1271,,1,0,0,0,0,0,0,1,1,0,1,0,
1272,,1,0,0,0,0,0,0,0,0,0,0,1,
1273,,1,0,0,0,0,0,0,0,0,0,0,1,
1274,,1,0,0,0,0,0,0,1,0,0,0,1,
1275,,1,0,0,0,0,0,0,0,0,0,0,1,
1276,,1,,,1,0,0,1,0,0,0,0,0,
1277,,1,1,,1,0,1,1,1,1,0,1,1,
1278,,1,0,0,0,0,0,0,0,0,0,0,0,
1279,,1,0,0,0,0,0,0,0,0,0,0,0,
1280,,1,0,0,0,0,0,0,0,0,0,0,1,
1281,,1,0,0,0,0,0,0,0,0,1,0,1,
1282,,1,0,0,0,,0,1,1,1,0,1,1,
1283,,1,0,0,0,0,0,0,0,0,1,0,0,
1284,,1,0,0,0,0,0,0,0,0,0,0,0,
1285,,1,0,0,0,0,0,0,0,0,0,0,1,
1286,,1,0,0,0,0,0,0,0,0,0,0,0,
1287,,1,0,0,0,0,0,0,0,0,0,0,0,
1288,,1,1,,1,0,,1,1,1,0,1,0,
1289,,1,0,0,0,0,0,0,1,0,0,0,1,
1290,,1,0,0,0,0,0,0,1,0,0,0,1,
1291,,1,0,0,0,0,0,0,0,0,1,0,1,
1292,,1,0,0,0,0,0,0,0,0,0,0,1,
1293,,1,0,0,0,0,0,0,1,0,0,0,1,
1294,,1,0,0,0,0,0,0,0,0,0,0,0,
1295,,1,0,0,0,0,0,0,0,0,0,0,1,
1296,,1,0,0,0,0,0,0,0,0,0,0,0,
1297,,1,1,,1,0,,1,1,0,0,0,0,
1298,,1,0,0,0,0,0,0,0,0,0,0,1,
1299,,1,0,0,0,0,0,0,0,0,0,0,0,
1300,,1,0,0,0,0,0,0,0,0,0,0,1,
1301,,1,0,0,0,0,0,0,0,0,0,0,1,
1302,,1,0,0,0,1,0,1,0,0,0,0,0,
1303,,1,0,0,0,0,0,0,0,0,0,0,0,
1304,,1,0,0,0,0,0,0,0,0,1,0,0,
1305,,1,0,0,0,0,0,0,1,0,0,0,0,
1306,,1,0,0,0,0,0,0,0,0,0,0,1,
1307,,1,0,0,0,0,0,0,0,0,0,0,1,
1308,,1,0,0,0,0,0,0,0,0,0,0,0,
1309,,1,0,0,0,0,0,0,0,0,1,0,0,
1310,,1,0,0,0,0,0,0,0,0,0,0,1,
1311,,1,0,0,0,0,0,0,0,0,0,0,1,
1312,,1,1,,1,0,,1,1,1,0,1,1,
1313,,1,0,0,0,0,0,0,0,0,0,0,1,
1314,,1,0,0,0,0,0,0,0,0,0,0,0,
1315,,1,0,0,0,0,0,0,0,0,0,0,0,
1316,,1,0,0,0,0,0,0,0,0,,0,1,
1317,,1,0,0,0,0,0,0,0,0,1,0,0,
1318,,1,0,0,0,0,0,0,1,0,,0,,
1319,,1,1,1,1,,,1,0,0,0,0,1,
1320,,1,0,0,0,0,0,0,1,0,0,0,1,
1321,,1,0,0,0,0,0,0,0,1,0,1,1,
1322,,1,0,0,0,0,0,0,1,0,0,0,1,
1323,,1,1,1,1,0,1,1,1,0,0,1,1,
1324,,1,0,0,0,0,0,0,1,0,,0,0,
1325,,1,0,0,0,0,0,0,0,0,0,0,1,
1326,,1,0,0,0,0,0,0,0,0,0,0,1,
1327,,1,0,0,0,0,0,0,0,0,1,0,0,
1328,,1,0,0,0,0,0,0,0,0,0,0,1,
1329,,1,0,0,0,0,0,0,0,1,0,1,0,
1330,,1,0,0,0,0,0,0,0,0,0,0,0,
1331,,1,0,0,0,0,0,0,0,0,0,0,0,
1332,,1,0,0,1,0,0,1,1,0,0,1,1,
1333,,1,0,0,0,0,0,0,0,0,0,0,0,
1334,,1,0,0,0,0,0,0,0,0,0,0,0,
1335,,1,0,0,0,0,0,0,0,0,0,0,1,
1336,,1,,0,1,0,,1,1,0,0,0,1,
1337,,1,0,0,0,0,0,0,0,0,0,0,0,
1338,,1,0,0,0,0,0,0,0,0,0,0,0,
1339,,1,0,0,0,0,0,0,0,0,0,0,1,
1340,,1,,0,0,,,1,0,0,0,0,0,
1341,,1,0,0,0,0,0,0,1,1,0,1,1,
1342,,1,0,0,0,0,0,1,0,0,0,0,0,
1343,,1,0,0,0,0,0,0,0,0,0,0,1,
1344,,1,0,0,0,0,0,0,0,0,0,0,0,
1345,,1,0,0,0,0,0,0,1,0,1,1,1,
1346,,1,0,0,0,0,0,0,0,0,0,0,0,
1347,,1,,0,1,0,,1,1,0,0,0,1,
1348,,1,0,0,0,0,0,0,0,0,0,0,0,
1349,,1,,0,1,0,,1,1,0,0,1,1,
1350,,1,0,0,0,0,0,0,0,0,0,0,1,
1351,,1,0,0,0,0,0,0,0,0,0,0,0,
1352,,1,0,0,0,0,0,0,0,0,0,0,0,
1353,,1,0,0,0,0,0,0,0,0,0,0,0,
1354,,1,0,0,0,0,0,0,0,0,1,0,1,
1355,,1,1,1,1,0,1,1,1,1,0,1,1,
1356,,1,1,,1,0,1,1,1,0,0,0,1,
1357,,1,0,0,0,0,0,0,0,0,0,0,0,
1358,,1,0,0,0,0,0,0,0,0,0,0,0,
1359,,1,0,0,0,0,0,0,0,0,0,0,0,
1360,,1,0,0,0,0,0,0,0,0,0,0,1,
1361,,1,0,0,0,0,0,0,0,0,0,0,1,
1362,,1,0,0,0,0,0,0,0,0,0,0,0,
1363,,1,0,0,0,0,0,0,,0,0,0,1,
1364,,1,0,0,0,0,0,0,0,0,0,0,0,
1365,,1,0,0,0,0,0,0,1,0,0,0,0,
1366,,1,1,0,1,1,1,1,1,0,1,0,0,
1367,,1,0,0,0,0,0,0,0,0,0,0,1,
1368,,1,0,0,0,0,0,0,0,0,0,0,1,
1369,,1,0,0,0,0,0,0,0,0,0,0,1,
1370,,1,,,1,,1,,1,1,,,,
1371,,1,,,1,,1,,1,1,,,,
1372,,1,,,1,,1,,1,1,,,,
1373,,1,,,1,,1,,0,0,1,,,
1374,,1,,,1,,1,,0,1,1,,,
1375,,1,,,1,,1,,0,1,1,,,
1376,,1,,,1,,1,,0,0,1,,,
1377,,1,,,1,,1,,1,0,1,,,
1378,,1,,,1,,1,,1,0,1,,,
1379,,1,,,1,,1,,1,0,1,,,
1380,,1,,,,,1,,1,1,1,,1,
1381,,1,,,,,1,,1,1,1,,1,
1382,,1,,,1,,1,,1,,1,,,
1383,,1,,,1,,1,,1,,1,,,
1384,,1,,,1,,1,,1,1,,,,
1385,,1,,,1,,1,,1,1,,,,
1386,,1,,,1,,1,,1,1,,,,
1387,,1,,,1,,1,,1,0,1,,,
1388,,1,,,1,,1,,1,0,1,,,
1389,,1,,,1,,1,,1,0,1,,,
1390,,1,,,1,,1,,1,0,1,,,
1391,,1,,,1,,1,,1,1,1,,,
1392,,1,,,1,,1,,1,0,1,,,
1393,,1,,,1,,1,,1,0,1,,,
1394,,1,,,1,,1,,1,1,,,,
1395,,1,,,1,,1,,1,0,1,,,
1396,,1,,,1,,1,,1,0,1,,,
1397,,1,,,1,,1,,1,0,1,,,
1398,,1,,,1,,1,,1,0,1,,,
1399,,1,,,1,,1,,1,0,1,,,
1400,,1,,,1,,1,,1,0,1,,,
1401,,1,,,1,,1,,1,1,,,,
1402,,1,,,1,,1,,1,1,,,,
1403,,1,,,1,,1,,1,1,1,,,
1404,,1,,,1,,1,,1,1,1,,,
1405,,1,,,1,,1,,1,1,1,,,
1406,,1,,,1,,1,,1,1,1,,,
1407,,1,,,1,,1,,1,1,1,,,
1408,,1,,,1,,1,,1,1,1,,,
1409,,1,,,1,,1,,1,1,1,,,
1410,,1,,,1,,1,,1,1,1,,,
1411,,1,,,1,,1,,1,1,1,,,
1412,,1,,,1,,1,,1,1,0,,,
1413,,1,,,1,,1,,1,1,0,,,
1414,,1,,,1,,1,,1,1,0,,,
1415,,1,,,1,,1,,1,1,0,,,
1416,,1,,,1,,1,,1,1,0,,,
1417,,1,,,1,,1,,1,1,1,,,
1418,,1,,,1,,1,,1,1,1,,,
1419,,1,,,1,,1,,1,1,1,,,
1420,,1,,,0,,0,,1,0,0,,,
1421,,1,1,1,1,,1,1,1,1,1,,1,1
1422,,1,1,1,1,,1,1,1,1,1,,1,1
1423,,1,1,1,1,1,1,,1,1,,1,,1
1424,,1,1,1,1,0,1,,0,1,0,1,,1
1425,,1,1,0,1,1,1,,1,0,1,1,,1
1426,,1,0,0,0,0,0,,0,0,0,1,,1
1427,,1,1,1,1,1,1,,1,0,1,0,,1
1428,,1,1,1,1,1,1,,1,0,,1,,0
1429,,1,1,1,1,0,1,,1,1,0,1,,1
1430,,1,1,0,1,1,1,,1,0,,,,1
1431,,1,1,1,1,1,1,,1,1,1,1,,1
1432,,1,1,1,1,1,1,,1,0,1,1,,1
1433,,1,1,0,1,1,1,,1,0,0,0,,0
1434,,1,1,0,1,1,1,,1,0,,0,,1
1435,,1,0,1,1,1,1,,1,0,1,0,,1
1436,,1,1,1,1,,1,,1,,1,1,,1
1437,,1,1,1,1,1,1,,0,0,1,0,,0
1438,,1,1,1,1,1,1,,1,0,1,0,,1
1439,,1,1,1,1,1,0,,1,1,,1,,1
1440,,1,0,0,1,0,0,,0,1,0,1,,1
1441,,1,,0,,1,0,,1,0,0,0,,0
1442,,1,1,0,1,1,1,,0,0,0,0,,0
1443,,1,,0,,0,1,,1,1,1,1,,1
1444,,1,,1,,1,1,,1,0,1,1,,1
1445,,1,,0,,0,0,,1,0,0,0,,0
1446,,1,,0,,0,0,,1,0,0,0,,0
1447,,1,,0,,,0,,1,0,0,0,,1
1448,,1,,,,,1,,1,0,0,0,,1
1449,,1,,0,,0,0,,1,0,0,0,,0
1450,,1,,1,,,0,,1,0,,,,1
1451,,1,,0,,1,1,,0,0,,0,,0
1452,,1,,1,,0,0,,1,0,0,0,,0
1453,,1,,0,,0,0,,1,0,0,0,,1
1454,,1,,0,,0,0,,1,0,0,0,,1
1455,,1,,1,,0,0,,1,0,0,0,,0
1456,,1,,,,0,1,,1,1,,1,,1
1457,,1,,,,0,,,1,0,0,0,,1
1458,,1,,,,1,,,1,0,,1,,1
1459,,1,,1,,0,1,,1,0,0,0,,1
1460,,1,,,,,1,,1,0,0,0,,1
1461,,1,,1,,0,1,,1,0,0,0,,1
1462,,1,,0,,0,1,,1,1,0,,,1
1463,,1,,0,,1,1,,1,0,1,0,,1
1464,,1,,,,,0,,1,0,,1,,1
1465,,1,,0,,1,1,,0,0,,0,,0
1466,,1,1,1,,,1,,1,0,,,,1
1467,,1,,1,,0,1,,1,0,0,1,,1
1468,,1,,1,,0,1,,1,0,0,0,,1
1469,,1,,1,,1,1,,1,1,1,1,,1
1470,,1,,1,,0,1,,1,1,0,,,0
1471,,1,,0,,0,1,,1,1,0,0,,1
1472,,1,,1,,0,1,,1,0,1,1,,1
1473,,1,,1,,1,1,,1,1,1,1,,1
1474,,1,,0,,0,1,,1,1,0,,,0
1475,,1,,1,,0,1,,0,0,0,0,,1
1476,,1,,1,,0,1,,1,0,0,0,,0
1477,,1,,1,,,1,,1,1,0,1,,0
1478,,1,,0,,,1,,1,1,0,1,,0
1479,,1,,1,,0,,,1,0,0,1,,0
1480,,1,,0,,0,0,,1,0,0,,,1
1481,,1,,0,,1,1,,0,0,0,0,,0
1482,,1,,1,,,1,,1,1,0,,,0
1483,,1,,0,,0,0,,0,1,0,,,1
1484,,1,,1,,1,1,,1,1,1,1,,0
1485,,1,,1,,1,1,,1,1,1,1,,1
1486,,1,,1,,1,1,,1,1,1,1,,1
1487,,1,,1,,1,1,,1,1,1,1,,0
1488,,1,,0,,0,1,,0,0,0,0,,1
1489,,1,,0,,0,1,,0,0,0,0,,0
1490,,1,,0,,0,1,,1,0,0,0,,0
1491,,1,,0,,1,1,,0,0,0,0,,0
1492,,1,,0,,0,1,,1,1,,1,,1
1493,,1,0,,1,,,,1,1,,,,1
1494,,1,,1,,0,1,,1,0,1,0,,1
1495,,1,,0,,0,0,,0,1,0,,,0
1496,,1,,,,1,1,,0,1,0,1,,1
1497,,1,,1,,1,1,,0,1,,0,,1
1498,,1,,0,,0,1,,0,0,0,0,,1
1499,,1,,1,,1,1,,0,0,0,0,,0
1500,,1,,0,,,1,,1,1,0,1,,0
1501,,1,,0,,1,1,,1,0,0,0,,1
1502,,1,,1,,0,0,,1,0,0,0,,0
1503,,1,,0,,0,1,,1,0,,1,,0
1504,,1,,0,,0,0,,,0,0,0,,1
1505,,1,,0,,0,0,,1,0,,1,,1
1506,,1,,0,,0,0,,1,0,0,0,,0
1507,,1,,0,,,1,,1,0,0,0,,1
1508,,1,,0,,1,0,,1,0,0,0,,0
1509,,1,,1,,,1,,1,1,,1,,0
1510,,1,,1,,0,1,,0,0,0,0,,1
1511,,1,,0,,0,0,,0,0,0,0,,1
1512,,1,,0,,0,0,,0,1,0,0,,1
1513,,1,,0,,0,1,,1,0,0,1,,1
1514,,1,,1,,0,1,,0,0,0,0,,0
1515,,1,,0,,1,1,,0,0,1,0,,0
1516,,1,,0,,0,0,,0,0,1,0,,0
1517,,1,,1,,1,1,,1,0,1,0,,1
1518,,1,,1,,1,1,,1,1,0,1,,1
1519,,1,,0,,0,0,,1,0,0,0,,1
1520,,1,,0,,,1,,1,1,0,1,,1
1521,,1,,1,,1,1,,1,1,,1,,1
1522,,1,,0,,0,0,,0,0,0,0,,0
1523,,1,,0,,0,0,,0,0,,0,,1
1524,,1,,0,,0,,,,0,0,0,,1
1525,,1,,0,,0,0,,1,1,0,,,0
1526,,1,,0,,0,0,,1,0,0,0,,1
1527,,1,,0,,0,0,,1,1,0,,,0
1528,,1,,0,,1,1,,0,0,0,0,,0
1529,,1,,0,,0,1,,1,0,0,0,,1
1530,,1,,0,,,1,,1,0,0,0,,0
1531,,1,,0,,0,0,,0,0,0,0,,1
1532,,1,,0,,0,0,,1,0,0,0,,1
1533,,1,,0,,0,0,,1,0,0,0,,1
1534,,1,,0,,0,0,,1,0,0,0,,1
1535,,1,,0,,1,1,,0,0,0,0,,0
1536,,1,,0,,0,1,,1,1,0,1,,1
1537,,1,,0,,0,0,,0,0,0,0,,1
1538,,1,,1,,0,1,,1,1,,1,,0
1539,,1,,0,,0,0,,0,0,0,0,,0
1540,,1,,0,,0,0,,1,0,0,0,,0
1541,,1,,1,,1,1,,1,0,,1,,0
1542,,1,,0,,,1,,1,0,0,0,,1
1543,,1,,0,,0,1,,1,0,0,0,,0
1544,,1,,0,,,0,,1,0,0,0,,0
1545,,1,,1,,1,1,,1,0,,1,,0
1546,,1,,1,,,1,,,1,0,1,,1
1547,,1,,0,,,0,,1,0,0,0,,0
1548,,1,,0,,1,1,,1,0,1,1,,1
1549,,1,,0,,,1,,1,0,0,0,,0
1550,,1,,0,,1,0,,0,0,0,0,,0
1551,,1,,0,,0,0,,1,0,0,0,,1
1552,,1,,0,,1,1,,1,,,,,1
1553,,1,,0,,0,1,,0,0,0,0,,1
1554,,1,,1,,,1,,1,0,0,,,1
1555,,1,,0,,1,,,0,0,0,0,,0
1556,,1,,1,,1,1,,1,0,,1,,1
1557,,1,,0,,0,1,,1,1,0,1,,0
1558,,1,,0,,,0,,1,0,0,0,,1
1559,,1,,0,,0,0,,0,0,0,0,,1
1560,,1,,0,,,0,,1,0,0,0,,1
1561,,1,,0,,0,0,,0,0,,0,,0
1562,,1,,,,0,1,,1,0,0,0,,1
1563,,1,,0,,1,1,,0,1,0,0,,1
1564,,1,,1,,0,0,,1,0,0,0,,0
1565,,1,0,0,0,,0,,1,0,0,0,,0
1566,,1,0,0,0,,1,,1,0,0,0,,1
1567,,1,1,0,,,,,1,1,0,,,1
1568,,1,1,0,,,,,1,1,0,,,1
1569,,1,1,,,,,,1,1,0,,,1
1570,,1,1,0,,,,,1,0,0,,,1
1571,,1,1,,,,,,1,1,0,,,0
1572,,1,1,,,,,,1,1,,,,1
1573,,1,1,,,,,,1,1,0,,,1
1574,,1,1,0,,,,,1,1,0,,,1
1575,,1,1,0,,,,,1,0,0,,,1
1576,,1,1,,,,,,0,1,0,,,1
1577,,1,1,1,,,,,1,1,0,,,1
1578,,1,1,0,,,,,1,1,0,,,1
1579,,1,1,0,,,,,1,1,0,,,1
1580,,1,1,0,,,,,1,0,0,,,1
1581,,1,0,0,,,,,1,0,0,,,1
1582,,1,1,,,,,,0,1,0,,,1
1583,,1,1,1,,,,,1,0,0,,,1
1584,,1,0,0,,,,,1,0,0,,,0
1585,,1,1,1,,,,,1,0,0,,,0
1586,,1,1,1,,,,,1,0,0,,,0
1587,,1,1,,,,,,1,1,0,,,1
1588,,1,1,,,,,,1,1,0,,,0
1589,,1,0,0,,,,,0,0,0,,,0
1590,,1,1,,,,,,1,0,0,,,0
1591,,1,0,0,,,,,1,0,0,,,1
1592,,1,1,,,,,,1,1,0,,,1
1593,,1,1,1,,,,,1,1,0,,,1
1594,,1,1,,,,,,1,1,0,,,1
1595,,1,1,,,,,,1,1,0,,,1
1596,,1,1,0,,,,,1,0,0,,,0
1597,,1,0,0,,,,,0,0,0,,,0
1598,,1,1,,,,,,1,1,0,,,1
1599,,1,0,0,,,,,1,0,0,,,1
1600,,1,1,,,,,,1,1,0,,,1
1601,,1,1,,,,,,1,1,0,,,1
1602,,1,1,1,,,,,1,1,0,,,1
1603,,1,1,,,,,,1,1,0,,,1
1604,,1,1,,,,,,1,1,0,,,1
1605,,1,1,,,,,,1,1,0,,,1
1606,,1,1,1,,,,,1,1,0,,,1
1607,,1,1,1,,,,,1,1,0,,,1
1608,,1,1,,,,,,1,1,0,,,1
1609,,1,1,0,,,,,1,1,0,,,0
1610,,1,1,1,,,,,1,1,0,,,1
1611,,1,0,0,,,,,0,0,0,,,0
1612,,1,1,,,,,,1,1,0,,,1
1613,,1,1,,,,,,1,1,0,,,1
1614,,1,1,,,,,,1,1,0,,,0
1615,,1,0,0,,,,,0,0,0,,,0
1616,,1,1,0,,,,,1,0,0,,,1
1617,,1,1,,,,,,1,1,0,,,1
1618,,1,1,0,,,,,1,1,0,,,1
1619,,1,1,0,,,,,1,1,0,,,1
1620,,1,1,1,1,1,1,,1,0,1,0,,1
1621,,1,1,0,1,1,1,,1,1,1,,,1
1622,,1,1,1,1,1,1,,1,0,1,1,,1
1623,,1,1,1,1,1,1,,1,0,1,1,,1
1624,,1,1,1,1,1,1,,1,1,1,1,,1
1625,,1,1,0,1,1,1,,1,0,1,0,,0
1626,,1,1,1,1,,1,,1,,1,1,,0
1627,,1,1,1,1,1,1,,1,0,1,1,,0
1628,,1,1,,1,,1,,1,,1,1,,0
1629,,1,1,1,1,1,1,,1,0,1,0,,0
1630,,1,1,1,1,1,1,,1,,,1,,0
1631,,1,1,0,1,0,1,,1,0,1,,,1
1632,,1,1,0,1,,1,,1,0,1,,,1
1633,,1,1,1,1,1,1,,1,0,1,0,,1
1634,,1,1,1,1,1,,,1,1,1,1,,1
1635,,1,1,0,1,1,1,,0,0,1,0,,0
1636,,1,0,0,0,,0,,0,1,0,,,1
1637,,1,0,0,0,0,0,,0,0,0,0,,0
1638,,1,0,0,0,0,0,,1,0,0,0,,0
1639,,1,1,1,1,0,1,,1,1,1,,,0
1640,,1,1,1,1,,1,,1,1,,1,,1
1641,,1,1,1,1,1,1,,0,0,1,0,,0
1642,,1,1,1,1,0,1,,1,0,1,1,,1
1643,,1,1,0,1,1,1,,0,0,1,0,,0
1644,,1,0,0,0,0,0,,0,1,0,1,,1
1645,,1,0,0,0,0,0,,1,0,0,0,,1
1646,,1,1,1,1,,1,,1,1,0,,,1
1647,,1,1,1,1,0,1,,1,0,0,,,1
1648,,1,1,0,1,1,1,,0,0,1,0,,0
1649,,1,1,1,1,0,1,,1,0,0,0,,1
1650,,1,1,,1,0,1,,1,1,1,1,,1
1651,,1,1,1,1,1,1,,1,1,,1,,0
1652,,1,1,1,1,0,1,,1,0,0,0,,1
1653,,1,1,0,1,1,1,,0,0,0,0,,0
1654,,1,0,0,,1,0,,0,0,0,0,,0
1655,,1,0,0,0,,1,,1,0,0,0,,1
1656,,1,1,0,1,1,1,,1,0,0,0,,0
1657,,1,1,0,1,1,1,,0,0,0,0,,0
1658,,1,1,1,1,,1,,1,0,0,1,,0
1659,,1,1,1,1,0,1,,1,0,0,0,,1
1660,,1,1,1,1,0,1,,1,0,0,1,,1
1661,,1,1,,0,1,0,,1,0,0,0,,1
1662,,1,1,0,1,1,1,,0,0,0,0,,1
1663,,1,1,0,1,1,1,,1,1,1,1,,0
1664,,1,1,1,1,1,1,,1,0,1,1,,1
1665,,1,1,1,1,1,1,,1,0,1,1,,1
1666,,1,1,0,1,1,1,,1,0,,0,,1
1667,,1,1,1,1,1,1,,0,0,1,0,,1
1668,,1,1,1,1,1,1,,0,0,1,0,,0
1669,,1,1,1,1,1,1,,1,1,1,,,1
1670,,1,1,1,1,1,1,,1,1,1,1,,1
1671,,1,,1,,,,,1,1,,,,1
1672,,1,,1,,,,,1,,,,,1
1673,,1,,0,,,,,1,1,,,,1
1674,,1,,0,,,,,1,0,,,,0
1675,,1,,0,,,,,1,1,,,,1
1676,,1,,1,,,,,1,0,,,,1
1677,,1,,0,,,,,1,,,,,0
1678,,1,,,,,,,1,1,,,,1
1679,,1,,1,,1,1,,1,1,1,1,,1
1680,,1,1,0,,,,,0,0,,0,,
1681,,1,1,0,,,,,1,1,,,,
1682,,1,1,0,,,,,1,0,,0,,
1683,,1,1,,,,,,1,1,,0,,
1684,,1,1,,,,,,1,1,,0,,
1685,,1,0,0,,,,,1,0,,0,,
1686,,1,,0,,,,,0,0,,0,,
1687,,1,,0,,,,,0,0,,0,,
1688,,1,1,1,,,,,1,0,,0,,
1689,,1,1,1,,,,,1,1,,1,,
1690,,1,,,,1,,,,0,,,,
1691,,1,,,,1,,,,0,,,,
1692,,1,,,,1,,,,0,,,,
1693,,1,,,,1,,,,0,,,,
1694,,0,,,0,0,0,,0,0,,,,0
1695,,0,0,0,0,0,0,1,0,0,0,0,0,
1696,,0,0,0,0,0,0,0,0,0,0,0,0,
1697,,0,0,0,0,0,0,0,0,0,0,0,0,
1698,,0,0,0,0,0,0,0,0,0,0,0,0,
1699,,0,0,0,0,0,0,0,0,0,0,0,0,
1700,,0,0,0,0,0,0,0,0,0,0,0,0,
1701,,0,0,0,0,0,0,0,0,0,0,0,0,
1702,,0,0,0,0,0,0,0,0,0,0,0,0,
1703,,0,0,0,0,0,0,0,0,0,0,0,0,
1704,,0,0,0,0,0,0,0,0,0,0,0,0,
1705,,0,0,0,0,0,0,0,0,0,0,0,0,
1706,,0,0,0,0,0,0,0,0,0,0,0,0,
1707,,0,0,0,0,0,0,0,0,0,0,0,0,
1708,,0,0,0,0,0,0,0,0,0,0,0,0,
1709,,0,0,0,0,0,0,0,0,0,,0,0,
1710,,0,0,0,0,0,0,0,0,0,0,0,0,
1711,,0,0,0,0,0,0,0,0,0,0,0,0,
1712,,0,0,0,0,0,0,0,0,0,0,0,1,
1713,,0,0,0,0,0,0,0,0,0,0,0,0,
1714,,0,0,0,0,0,0,0,0,0,0,0,0,
1715,,0,0,0,0,0,0,0,0,0,0,0,0,
1716,,0,0,0,0,0,0,0,1,0,0,0,1,
1717,,0,0,0,0,0,0,0,1,0,0,0,1,
1718,,0,0,0,0,0,0,0,0,0,0,0,0,
1719,,0,0,0,0,0,0,0,0,0,0,0,0,
1720,,0,0,0,0,0,0,0,0,0,0,0,0,
1721,,0,0,0,0,0,0,0,0,0,0,0,0,
1722,,0,0,0,0,0,0,0,0,0,0,0,0,
1723,,0,0,0,0,0,0,0,0,0,0,0,0,
1724,,0,0,0,0,0,0,0,1,0,0,0,1,
1725,,0,0,0,0,0,0,0,0,0,0,0,0,
1726,,0,0,0,0,0,0,0,0,0,0,0,0,
1727,,0,0,0,0,0,0,0,0,0,0,0,0,
1728,,0,0,0,0,0,0,0,0,0,0,0,0,
1729,,0,0,0,0,0,0,0,0,0,0,0,0,
1730,,0,0,0,0,0,0,0,0,0,0,0,0,
1731,,0,0,0,0,0,0,0,0,0,0,0,0,
1732,,0,0,0,0,0,0,0,0,0,0,0,0,
1733,,0,0,0,0,0,0,0,0,0,0,0,0,
1734,,0,0,0,0,0,0,0,0,0,0,0,0,
1735,,0,0,0,0,0,0,0,0,0,0,0,0,
1736,,0,0,0,0,0,0,0,0,0,0,0,0,
1737,,0,0,0,0,0,0,0,0,0,0,0,0,
1738,,0,0,0,0,0,0,0,0,,0,,0,
1739,,0,0,0,0,0,0,0,0,0,0,0,0,
1740,,0,0,0,0,0,0,0,0,0,0,0,0,
1741,,0,0,0,0,0,0,0,0,0,0,0,0,
1742,,0,0,0,0,0,0,0,0,0,0,0,0,
1743,,0,0,0,0,0,0,0,0,0,0,0,0,
1744,,0,0,0,0,0,0,0,0,0,0,0,0,
1745,,0,0,0,0,0,0,0,0,0,0,0,0,
1746,,0,0,0,0,0,0,0,0,0,0,0,0,
1747,,0,0,0,0,0,0,0,0,0,0,0,0,
1748,,0,0,0,0,0,0,0,0,0,0,0,0,
1749,,0,0,0,0,0,0,0,0,0,0,0,0,
1750,,0,0,0,0,0,0,0,0,0,0,0,,
1751,,0,0,0,0,0,0,0,0,0,0,0,1,
1752,,0,0,0,0,0,0,0,0,0,0,0,0,
1753,,0,0,0,0,0,0,0,0,0,0,0,0,
1754,,0,0,0,0,0,0,0,0,0,0,0,0,
1755,,0,0,0,0,0,0,0,0,0,0,0,0,
1756,,0,0,0,0,0,0,0,0,0,0,0,0,
1757,,0,0,0,0,0,0,0,0,0,0,0,0,
1758,,0,0,0,0,0,0,0,0,0,0,0,0,
1759,,0,0,0,0,0,0,0,0,0,0,0,0,
1760,,0,0,0,0,0,0,0,0,0,0,0,0,
1761,,0,0,0,0,0,0,0,0,0,0,0,0,
1762,,0,0,0,0,0,0,0,0,0,0,0,0,
1763,,0,0,0,0,0,0,0,0,0,0,0,0,
1764,,0,0,0,0,0,0,0,0,0,0,0,0,
1765,,0,0,0,0,0,0,0,0,0,0,0,0,
1766,,0,0,0,0,0,0,0,1,0,0,0,1,
1767,,0,0,0,0,0,0,0,1,0,0,0,1,
1768,,0,0,0,0,0,0,0,0,0,0,0,0,
1769,,0,0,0,0,0,0,0,0,0,0,0,0,
1770,,0,0,0,0,0,0,0,0,0,0,0,0,
1771,,0,0,0,0,0,0,0,0,0,0,0,0,
1772,,0,0,0,0,0,0,0,0,0,0,0,0,
1773,,0,0,0,0,0,0,0,0,0,0,0,0,
1774,,0,0,0,0,0,0,0,0,0,0,0,0,
1775,,0,0,0,0,0,0,0,0,0,0,0,0,
1776,,0,0,0,0,0,0,0,0,0,0,0,0,
1777,,0,0,0,0,0,0,0,0,0,0,0,0,
1778,,0,0,0,0,0,0,0,0,0,0,0,0,
1779,,0,0,0,0,0,0,0,1,0,0,0,0,
1780,,0,0,0,0,0,0,0,0,0,0,0,0,
1781,,0,0,0,0,0,0,0,0,0,0,0,0,
1782,,0,0,0,0,0,0,0,0,0,0,0,0,
1783,,0,0,0,0,0,0,0,0,0,0,0,0,
1784,,0,0,0,0,,0,0,0,0,0,0,0,
1785,,0,0,0,0,0,0,0,0,0,0,0,0,
1786,,0,0,0,0,0,0,0,1,0,0,0,0,
1787,,0,0,0,0,0,0,0,0,0,0,0,0,
1788,,0,0,0,0,0,0,0,1,0,0,0,1,
1789,,0,0,0,0,0,0,0,0,0,0,0,0,
1790,,0,0,0,0,0,0,0,0,0,0,0,0,
1791,,0,0,0,0,0,0,0,0,0,0,0,0,
1792,,0,0,0,0,0,0,0,0,0,0,0,0,
1793,,0,0,0,0,0,0,0,0,0,0,0,0,
1794,,0,0,0,0,0,0,0,0,0,0,0,0,
1795,,0,0,0,0,0,0,0,0,0,0,0,0,
1796,,0,0,0,0,0,0,0,0,0,0,0,0,
1797,,0,0,0,0,0,0,0,0,0,0,0,0,
1798,,0,0,0,0,0,0,0,0,0,0,0,0,
1799,,0,0,0,0,0,0,0,0,0,0,0,0,
1800,,0,0,0,0,0,0,0,0,0,0,0,0,
1801,,0,0,0,0,0,0,0,0,0,0,0,0,
1802,,0,0,0,0,0,0,0,0,0,0,0,0,
1803,,0,0,0,0,0,0,0,0,0,0,0,0,
1804,,0,0,0,0,0,0,1,0,0,0,0,0,
1805,,0,0,0,0,,0,0,0,0,0,0,0,
1806,,0,0,0,0,0,0,0,0,0,0,0,0,
1807,,0,0,0,0,0,0,0,0,0,0,0,0,
1808,,0,0,0,0,0,0,0,0,0,0,0,0,
1809,,0,0,0,0,0,0,0,0,0,0,0,0,
1810,,0,0,0,0,0,0,0,0,0,0,0,0,
1811,,0,0,0,0,0,0,0,0,0,0,0,0,
1812,,0,0,0,0,0,0,0,0,0,0,0,1,
1813,,0,0,0,0,0,0,0,0,0,0,0,0,
1814,,0,0,0,0,0,0,0,0,0,0,0,0,
1815,,0,0,0,0,0,0,0,0,0,0,0,0,
1816,,0,0,0,0,0,0,0,0,0,0,0,0,
1817,,0,0,0,0,0,0,0,0,0,0,0,0,
1818,,0,0,0,0,0,0,0,0,0,0,0,0,
1819,,0,0,0,0,0,0,0,0,0,0,0,0,
1820,,0,0,0,0,0,0,0,0,0,0,0,0,
1821,,0,0,0,0,0,0,0,0,0,0,0,0,
1822,,0,0,0,0,0,0,0,0,0,0,0,0,
1823,,0,0,0,0,0,0,0,0,0,0,0,0,
1824,,0,0,0,0,0,0,0,0,0,0,0,0,
1825,,0,0,0,0,0,0,0,0,0,0,0,0,
1826,,0,0,0,0,0,0,0,0,0,0,0,0,
1827,,0,0,0,0,0,0,0,0,0,0,0,0,
1828,,0,0,0,0,0,0,0,0,0,0,0,0,
1829,,0,0,0,0,0,0,0,0,0,0,0,0,
1830,,0,0,0,0,0,0,0,0,0,0,0,0,
1831,,0,0,0,0,0,0,0,0,0,0,0,1,
1832,,0,0,0,0,0,0,0,0,0,0,0,0,
1833,,0,0,0,0,0,0,0,0,0,0,0,0,
1834,,0,0,0,0,0,0,0,0,0,0,0,0,
1835,,0,0,0,0,0,0,0,0,0,0,0,0,
1836,,0,0,0,0,0,0,0,0,0,0,0,0,
1837,,0,0,0,0,0,0,0,0,0,0,0,0,
1838,,0,0,0,0,0,0,0,0,0,0,0,0,
1839,,0,0,0,0,0,0,0,0,0,0,0,0,
1840,,0,0,0,0,0,0,0,0,0,0,0,0,
1841,,0,0,0,0,,0,1,1,0,0,0,0,
1842,,0,0,0,0,0,0,0,0,0,0,0,0,
1843,,0,0,0,0,0,0,0,0,0,0,0,0,
1844,,0,0,0,0,0,0,0,0,0,0,0,0,
1845,,0,0,0,0,0,0,0,0,0,0,0,0,
1846,,0,0,0,0,0,0,0,0,0,0,0,0,
1847,,0,0,0,0,0,0,0,0,0,0,0,0,
1848,,0,0,0,0,0,0,0,0,0,0,0,0,
1849,,0,0,0,0,0,0,0,0,0,0,0,0,
1850,,0,0,0,0,0,0,0,0,0,0,0,1,
1851,,0,0,0,0,0,0,0,0,0,0,0,0,
1852,,0,0,0,0,0,0,0,0,0,0,0,0,
1853,,0,0,0,0,0,0,0,0,0,0,0,0,
1854,,0,0,0,0,0,0,0,0,0,0,0,0,
1855,,0,0,0,0,0,0,0,0,0,0,0,0,
1856,,0,0,0,0,0,0,0,0,0,0,0,0,
1857,,0,0,0,0,0,0,0,0,0,0,0,0,
1858,,0,0,0,0,0,0,0,1,0,0,0,1,
1859,,0,,,0,,0,,0,0,0,,,
1860,,0,0,0,0,0,0,,0,0,0,0,,0
1861,,0,0,0,0,0,0,,1,0,0,0,,1
1862,,0,0,0,,,,,1,0,0,,,0
1863,,0,0,0,0,1,0,,1,0,0,0,,0
1864,,0,0,0,0,0,0,,0,0,0,0,,0
1865,,0,0,0,0,0,0,,0,0,0,0,,0
1866,,0,,0,,,,,1,0,,,,0
1867,,,1,,1,,1,,1,0,,,,1
1868,,,1,1,,1,1,,1,0,,1,,1
1869,,,1,0,,,,,0,1,,,,
1870,,,0,0,,,0,,1,1,0,0,,0
1871,,,,1,,,1,,,,,,,
1872,,,,1,,,,,,,,,,
1873,,,,1,,,,,,,,,,
1874,,,,1,,,,,,,,,,
1875,,,,1,,,,,,,,,,
1876,,,,1,,,,,,,,,,
1877,,,,1,,1,1,,1,1,,1,,1
1878,,,,0,,,,,,,1,,,
1879,,,,0,,,,,,,,,,
1880,,,,0,,,,,1,0,,,,1
1881,,,,0,,,,,1,0,,,,1
1882,,,,,1,0,,,1,1,,,,
1883,,,,,1,,,,1,1,,,,
1884,,,,,1,,1,,1,0,,,,
1885,,,,,,,1,,,,,,,
1886,,,,,,,,,,,0,,,
1887,,,,,,,,,,,0,,,
1888,,,,,,,,,,,0,,,
